employee_id,employee_name,department,role,title,level,skills,certifications,experience_years,projects,awards_rewards,speaker_presentations,open_source_contributions,publications,conferences_attended,education
03eee2eb-88ef-4195-95e6-d6ff0f9f210b,Megha Bath,Product Management,Product Manager,Group Product Manager,Group,Communication; Teamwork,,20,Unnati Project - Veniam; Pragati Project - Quae; Lakshya Project - Temporibus; Aarambh Project - Repudiandae; Lakshya Project - Occaecati; Unnati Project - Quisquam; Unnati Project - Esse; Lakshya Project - Ad; Lakshya Project - Repellat; Pragati Project - Laudantium,Team Player Award,Talk at Google Cloud Summit India,github.com/shankerjonathan,,NASSCOM Technology & Leadership Forum; PyCon India; Google Cloud Summit India,"M.Tech in Electronics and Communication Engineering, IIT Delhi"
b1007227-1e15-4ede-b7c4-8cf7d778ccef,Brinda Dalal,Technology,Data Scientist,Associate Data Scientist,Associate,Python; PyTorch; Scikit-learn; R,"Oracle Certified Professional, Java SE Programmer; AWS Certified Solutions Architect",20,Unnati Project - Harum; Lakshya Project - Tempora; Aarambh Project - Fuga; Lakshya Project - Laudantium; Pragati Project - Veniam; Unnati Project - Odit; Aarambh Project - Expedita; Lakshya Project - Nobis; Lakshya Project - Quam,,Talk at Google Cloud Summit India,,,,"BCA in Computer Science and Engineering, IIT Delhi"
58f76011-d626-4345-a3fa-a1bcf9398814,Nidra Gour,Technology,DevOps Engineer,Principal DevOps Engineer,Principal,Kubernetes; Ansible; Docker,,1,Lakshya Project - Accusantium; Lakshya Project - Animi,Innovation Excellence Award,Talk at Microsoft Future Ready,,,Great Indian Developer Summit (GIDS),"B.Tech in Information Technology, IIT Madras"
c4b17eab-b769-4290-a86e-58cc00a90ec4,Luke Nair,Finance,Accountant,Junior Accountant,Junior,Teamwork; Communication,,11,Lakshya Project - Amet; Aarambh Project - Similique; Lakshya Project - Eius; Lakshya Project - Nesciunt; Lakshya Project - Unde; Lakshya Project - Deleniti,,Talk at Google Cloud Summit India,,,Agile India; NASSCOM Technology & Leadership Forum; Microsoft Future Ready,"MCA in Electronics and Communication Engineering, IISc Bangalore"
ac17d5d4-1a5c-473d-b86f-2f239482c6fe,Ladli Narain,Human Resources,HR Generalist,Coordinator HR Generalist,Coordinator,Communication; Teamwork,"Microsoft Certified: Azure Developer Associate; Oracle Certified Professional, Java SE Programmer",15,Aarambh Project - Fugiat; Aarambh Project - Architecto; Unnati Project - Voluptate; Pragati Project - Illo; Lakshya Project - Iusto; Lakshya Project - At; Aarambh Project - Assumenda; Unnati Project - Fugit,,Talk at AWS Summit India,github.com/buchishani,,AWS Summit India; Great Indian Developer Summit (GIDS),"B.E in Mechanical Engineering, IISc Bangalore"
f10febe6-6355-45ee-bada-2fe1e4c8fa02,Garima Parikh,Human Resources,Talent Acquisition Specialist,Specialist Talent Acquisition Specialist,Specialist,Communication; Teamwork,Certified Information Systems Security Professional (CISSP); Microsoft Certified: Azure Developer Associate,6,Unnati Project - Aliquid; Lakshya Project - Quod; Aarambh Project - Praesentium; Aarambh Project - Quos; Unnati Project - Error,Employee of the Month,Talk at Microsoft Future Ready,,,Great Indian Developer Summit (GIDS),"B.Tech in Mechanical Engineering, IIT Madras"
29d7bd45-0cea-4c04-9be4-37817b58aff8,Riya Andra,Human Resources,HR Generalist,Specialist HR Generalist,Specialist,Communication; Teamwork,Google Professional Data Engineer,11,Lakshya Project - Ipsam; Lakshya Project - Explicabo; Aarambh Project - Dolorum; Aarambh Project - Non; Unnati Project - Eveniet,Star Performer,Talk at AWS Summit India,,,AWS Summit India; PyCon India; NASSCOM Technology & Leadership Forum,"M.S in Computer Science and Engineering, JNTU Hyderabad"
4859fff1-b24c-42e4-ab4b-3f380d4dedc5,Viraj Wason,Sales,Business Development Representative,Senior Business Development Representative,Senior,Communication; Teamwork,,3,Aarambh Project - Voluptatibus; Aarambh Project - Assumenda,Team Player Award,Talk at AWS Summit India,,,Google Cloud Summit India; PyCon India,"B.E in Mechanical Engineering, IIT Bombay"
0f895282-8607-4b3d-a7de-44cada81aed3,Radha Shan,Human Resources,HR Generalist,Manager HR Generalist,Manager,Teamwork; Communication,Microsoft Certified: Azure Developer Associate,11,Pragati Project - In; Unnati Project - Mollitia; Lakshya Project - Molestias; Unnati Project - Recusandae; Unnati Project - Dolores,Employee of the Month,Talk at NASSCOM Technology & Leadership Forum,github.com/jvarkey,'Realigned context-sensitive structure' in Freshworks Tech Journal,NASSCOM Technology & Leadership Forum; AWS Summit India,"MCA in Computer Science and Engineering, IISc Bangalore"
47288ca4-3bfb-43a3-b17c-c8eb352409c3,Yashodhara Dar,Product Management,Product Manager,Associate Product Manager,Associate,Communication; Teamwork,"Oracle Certified Professional, Java SE Programmer; AWS Certified Solutions Architect",5,Pragati Project - Eligendi; Lakshya Project - Ea; Pragati Project - Numquam; Pragati Project - Vel,Star Performer,Talk at Microsoft Future Ready,,,PyCon India; Great Indian Developer Summit (GIDS); AWS Summit India,"B.E in Mechanical Engineering, IIT Bombay"
46955fa0-bc80-4edc-82e8-764c4859c45e,Amol Warrior,Human Resources,HR Business Partner,Specialist HR Business Partner,Specialist,,,19,Aarambh Project - Iste; Lakshya Project - Distinctio; Lakshya Project - Aut; Unnati Project - Asperiores; Aarambh Project - Amet; Lakshya Project - Rem; Pragati Project - In; Unnati Project - Aliquid; Aarambh Project - Quis,Team Player Award,Talk at Google Cloud Summit India,,,Microsoft Future Ready,"M.Tech in Information Technology, JNTU Hyderabad"
682a7ba0-d763-4be3-8515-85504ecc0d12,Jairaj Varty,Product Management,Business Analyst,Senior Business Analyst,Senior,Teamwork; Communication,Certified ScrumMaster (CSM); Project Management Professional (PMP),14,Unnati Project - Voluptatum; Lakshya Project - Itaque; Pragati Project - Maxime; Pragati Project - Aut; Lakshya Project - Nisi; Unnati Project - Quas; Pragati Project - Eius; Lakshya Project - Ducimus,Employee of the Month,,,,AWS Summit India; Great Indian Developer Summit (GIDS),"M.Tech in Computer Science and Engineering, VIT Vellore"
4c8902ec-2291-454b-a0f0-6ab44e103a8d,Daksh Doctor,Technology,Software Engineer,Associate Software Engineer,Associate,SQL; Python; CI/CD; Kubernetes; Docker,,2,Lakshya Project - Perspiciatis,Innovation Excellence Award,,,,NASSCOM Technology & Leadership Forum; Google Cloud Summit India; Great Indian Developer Summit (GIDS),"M.S in Mechanical Engineering, BITS Pilani"
5c1dc49f-0ae4-459c-a813-307191e075ed,Yatin Nair,Technology,UX/UI Designer,Manager UX/UI Designer,Manager,Adobe XD; User Research; Prototyping,AWS Certified Solutions Architect,18,Pragati Project - Sint; Lakshya Project - Totam; Aarambh Project - Eos; Pragati Project - Cumque; Lakshya Project - Quaerat; Unnati Project - Quo; Pragati Project - Excepturi; Aarambh Project - Debitis; Lakshya Project - Nihil; Unnati Project - Sit,,Talk at PyCon India,,,NASSCOM Technology & Leadership Forum; AWS Summit India; PyCon India,"M.Tech in Business Administration, IISc Bangalore"
e8614040-412b-45a7-88b5-fe11e5ed453b,Jhalak Iyengar,Finance,Accountant,Junior Accountant,Junior,Teamwork; Communication,,14,Unnati Project - Temporibus; Lakshya Project - Voluptate; Aarambh Project - Accusantium; Unnati Project - Labore; Pragati Project - Dicta; Lakshya Project - Id; Aarambh Project - Alias; Lakshya Project - Quam,,Talk at Google Cloud Summit India,,,AWS Summit India; Microsoft Future Ready,"MCA in Mechanical Engineering, IIIT Hyderabad"
9e891d29-8340-44c1-acdf-b9903b71209b,Yatan Kaul,Technology,UX/UI Designer,Manager UX/UI Designer,Manager,Sketch; User Research; Figma; Prototyping,,15,Pragati Project - Inventore; Unnati Project - Similique; Unnati Project - Adipisci; Lakshya Project - Architecto; Pragati Project - Consequuntur; Lakshya Project - Sapiente,,,,,Agile India; Microsoft Future Ready; AWS Summit India,"MCA in Computer Science and Engineering, NIT Warangal"
225af59c-7001-48e8-b5c6-e134da261e61,Pooja Wable,Product Management,Product Manager,Senior Product Manager,Senior,,,2,Unnati Project - Temporibus; Pragati Project - Et,,Talk at Great Indian Developer Summit (GIDS),,,,"MCA in Business Administration, IISc Bangalore"
b2f529f6-da51-45c0-927e-51706843e378,Dhriti Ramanathan,Product Management,Product Owner,Senior Product Owner,Senior,Communication; Teamwork,,3,Pragati Project - Aliquid; Aarambh Project - Enim,Star Performer,Talk at Microsoft Future Ready,github.com/nkaran,,NASSCOM Technology & Leadership Forum,"M.Tech in Electronics and Communication Engineering, IISc Bangalore"
21753e5e-a310-4ddc-8fc5-5d1a95bbb339,Ekaja Misra,Human Resources,HR Generalist,Specialist HR Generalist,Specialist,,,8,Aarambh Project - Recusandae; Unnati Project - Eos; Pragati Project - Suscipit; Lakshya Project - Eius; Aarambh Project - Cum; Pragati Project - Mollitia,Star Performer,Talk at Google Cloud Summit India,github.com/iryadani,'Open-architected didactic challenge' in Tech Mahindra Tech Journal,Agile India,"M.Tech in Business Administration, IIT Bombay"
af09eccc-a812-45dd-a1f5-f245fd892574,Udant Kata,Marketing,Marketing Manager,Associate Marketing Manager,Associate,Teamwork,Certified ScrumMaster (CSM); Microsoft Certified: Azure Developer Associate,19,Pragati Project - Molestias; Unnati Project - Fugit; Aarambh Project - Modi; Pragati Project - Laboriosam; Unnati Project - Nulla; Unnati Project - Blanditiis; Lakshya Project - Impedit; Pragati Project - Eum,Star Performer,,github.com/amrutachakraborty,'Sharable radical emulation' in Tech Mahindra Tech Journal,Great Indian Developer Summit (GIDS); AWS Summit India,"M.Tech in Electronics and Communication Engineering, VIT Vellore"
981fc64d-4acf-4a16-a24e-2c9def5b20cf,Vamakshi Rout,Marketing,Content Strategist,Associate Content Strategist,Associate,Teamwork; Communication,Microsoft Certified: Azure Developer Associate; Certified ScrumMaster (CSM),1,Aarambh Project - Consequuntur,Star Performer,,,,Agile India; Microsoft Future Ready,"MCA in Information Technology, NIT Trichy"
3c27009f-e3e1-48c8-adad-3de110f8f1c5,Manthan Hora,Marketing,SEO Specialist,Manager SEO Specialist,Manager,Communication; Teamwork,Certified ScrumMaster (CSM),10,Aarambh Project - Fuga; Aarambh Project - Ipsum; Pragati Project - Quidem; Pragati Project - Magnam,Star Performer,,,,Great Indian Developer Summit (GIDS); PyCon India,"BCA in Business Administration, BITS Pilani"
5b799024-ce1e-4f09-a8da-5ed4eeceaa74,Yashawini Dhar,Sales,Sales Manager,Junior Sales Manager,Junior,Teamwork; Communication,Certified ScrumMaster (CSM); Certified Information Systems Security Professional (CISSP),18,Aarambh Project - Ea; Unnati Project - Veniam; Unnati Project - Corrupti; Lakshya Project - Alias; Lakshya Project - Laborum; Pragati Project - Blanditiis; Unnati Project - Quo; Lakshya Project - Deserunt; Unnati Project - Illum,,Talk at Microsoft Future Ready,,,Great Indian Developer Summit (GIDS),"M.Tech in Mechanical Engineering, NIT Trichy"
a8157b55-42ab-4f44-99b1-1c64dd76f60b,Avi Desai,Sales,Account Executive,Regional Manager Account Executive,Regional Manager,Communication; Teamwork,Microsoft Certified: Azure Developer Associate; AWS Certified Solutions Architect,10,Aarambh Project - Alias; Lakshya Project - Totam; Lakshya Project - Laboriosam; Unnati Project - Inventore,,Talk at Great Indian Developer Summit (GIDS),github.com/faraschaudry,,Great Indian Developer Summit (GIDS); AWS Summit India; Google Cloud Summit India,"M.Tech in Electronics and Communication Engineering, Anna University"
3eeed197-6206-443e-b526-9d578718645e,Sanaya Aurora,Sales,Sales Manager,Senior Sales Manager,Senior,Communication; Teamwork,,15,Unnati Project - Veniam; Pragati Project - Inventore; Pragati Project - Corporis; Aarambh Project - Deleniti; Aarambh Project - Placeat; Aarambh Project - Corporis; Lakshya Project - Inventore,Star Performer,Talk at Great Indian Developer Summit (GIDS),,,,"M.Tech in Computer Science and Engineering, NIT Trichy"
3611db5c-2600-4645-a088-ae3db6b95a06,Ira Madan,Product Management,Business Analyst,Group Business Analyst,Group,Communication,Certified ScrumMaster (CSM),9,Unnati Project - Facere; Unnati Project - Aliquam; Lakshya Project - Consequatur; Pragati Project - Consequatur; Lakshya Project - Ea; Aarambh Project - Perferendis,Star Performer,,,,,"MCA in Finance, Anna University"
209c55d2-da83-4045-975f-bad3e97fbcd0,Jacob Atwal,Marketing,Marketing Manager,Director Marketing Manager,Director,Teamwork; Communication,Microsoft Certified: Azure Developer Associate,9,Aarambh Project - Nisi; Aarambh Project - Consequuntur; Aarambh Project - Esse; Lakshya Project - Unde; Lakshya Project - Quae; Lakshya Project - Quia,Innovation Excellence Award,Talk at Microsoft Future Ready,,,NASSCOM Technology & Leadership Forum; AWS Summit India; Google Cloud Summit India,"B.E in Finance, IISc Bangalore"
c1d8e30c-51ca-4be3-9131-406428535049,Ekiya Ramachandran,Technology,Software Engineer,Lead Software Engineer,Lead,JavaScript; Python; Kubernetes,Google Professional Data Engineer; Certified Information Systems Security Professional (CISSP),4,Aarambh Project - Nisi; Pragati Project - Voluptate; Pragati Project - Magnam,Star Performer,Talk at Great Indian Developer Summit (GIDS),,,Google Cloud Summit India; Microsoft Future Ready,"B.Tech in Business Administration, IIIT Hyderabad"
33fc65e3-9d7e-4374-81fc-720efa457ef6,Harish Randhawa,Marketing,Content Strategist,Director Content Strategist,Director,Communication; Teamwork,Google Professional Data Engineer; Microsoft Certified: Azure Developer Associate,7,Aarambh Project - Veniam; Unnati Project - Numquam; Lakshya Project - Quia,Employee of the Month,Talk at AWS Summit India,,,,"B.E in Business Administration, IIIT Hyderabad"
b742cb17-960a-4bda-955a-dc5782de15bb,Upkaar Shankar,Sales,Sales Manager,Junior Sales Manager,Junior,Communication; Teamwork,,14,Unnati Project - Fugiat; Unnati Project - Tempora; Unnati Project - Corrupti; Pragati Project - Voluptates; Pragati Project - Ea; Pragati Project - Recusandae; Aarambh Project - Minima,Innovation Excellence Award,Talk at Google Cloud Summit India,,,Great Indian Developer Summit (GIDS); Agile India,"M.S in Business Administration, BITS Pilani"
d1786da5-2263-4d84-8167-303c20ad676a,Yadavi Dar,Finance,Financial Analyst,Senior Financial Analyst,Senior,Communication; Teamwork,Google Professional Data Engineer,7,Pragati Project - Magni; Aarambh Project - Dolor; Unnati Project - Eius,Star Performer,Talk at Microsoft Future Ready,,,,"B.E in Information Technology, IIT Bombay"
04ba0daf-a45c-42b1-b007-9a773064eef9,Balvan Korpal,Sales,Sales Manager,Junior Sales Manager,Junior,Teamwork; Communication,,7,Lakshya Project - Recusandae; Pragati Project - Id; Unnati Project - Aspernatur,Employee of the Month,Talk at PyCon India,github.com/vivaan96,,Great Indian Developer Summit (GIDS),"MCA in Electronics and Communication Engineering, JNTU Hyderabad"
050979ce-958f-4a56-b9a5-54d96e75fd28,Yatin Shetty,Marketing,SEO Specialist,Director SEO Specialist,Director,,Microsoft Certified: Azure Developer Associate; Certified ScrumMaster (CSM),17,Lakshya Project - Accusantium; Unnati Project - At; Aarambh Project - Illum; Pragati Project - Enim; Unnati Project - Repudiandae; Lakshya Project - Omnis; Aarambh Project - Vitae; Unnati Project - Occaecati,Employee of the Month,Talk at AWS Summit India,,,PyCon India; Agile India; AWS Summit India,"B.E in Information Technology, JNTU Hyderabad"
968f8164-f954-4ad4-b271-f79a9dcf6e27,Arin Balakrishnan,Product Management,Product Manager,Group Product Manager,Group,Communication; Teamwork,,3,Unnati Project - Nihil,,Talk at Google Cloud Summit India,github.com/pranavdani,,Google Cloud Summit India; NASSCOM Technology & Leadership Forum,"B.E in Information Technology, VIT Vellore"
11deae8e-c51b-4519-82db-4174bbe9b1b6,Ansh Mitra,Technology,DevOps Engineer,Senior DevOps Engineer,Senior,Ansible; GitLab CI; Docker,"Oracle Certified Professional, Java SE Programmer; Project Management Professional (PMP)",17,Pragati Project - Tempore; Pragati Project - Adipisci; Lakshya Project - Nam; Pragati Project - Sequi; Aarambh Project - Omnis; Pragati Project - Qui; Unnati Project - Beatae; Aarambh Project - Asperiores,Team Player Award,Talk at Agile India,,,NASSCOM Technology & Leadership Forum,"B.E in Business Administration, JNTU Hyderabad"
472620da-0bbf-46f1-b444-6e981fbc05eb,Isaiah Maharaj,Finance,Financial Analyst,Senior Financial Analyst,Senior,Teamwork; Communication,Microsoft Certified: Azure Developer Associate,19,Unnati Project - Enim; Lakshya Project - Iure; Aarambh Project - Reiciendis; Aarambh Project - Quo; Unnati Project - Pariatur; Lakshya Project - Consequatur; Unnati Project - Tempore; Unnati Project - Voluptatibus; Unnati Project - Voluptates; Unnati Project - In; Pragati Project - Ratione,Innovation Excellence Award,Talk at AWS Summit India,,,NASSCOM Technology & Leadership Forum; Agile India,"M.Tech in Information Technology, JNTU Hyderabad"
8ba311a9-98ea-4265-9a45-a85b3788ec37,Brinda Lata,Sales,Business Development Representative,Regional Manager Business Development Representative,Regional Manager,Teamwork; Communication,"Oracle Certified Professional, Java SE Programmer; Microsoft Certified: Azure Developer Associate",18,Aarambh Project - At; Aarambh Project - Consequatur; Pragati Project - Magnam; Pragati Project - Maiores; Unnati Project - Ratione; Lakshya Project - Reprehenderit; Unnati Project - Distinctio; Pragati Project - Dolorum,Team Player Award,Talk at Agile India,,,Agile India; Great Indian Developer Summit (GIDS); Microsoft Future Ready,"B.Tech in Mechanical Engineering, IIIT Hyderabad"
14a20892-ae91-4b81-a06d-88a42f9c82b6,Alka Kuruvilla,Sales,Business Development Representative,Junior Business Development Representative,Junior,Communication; Teamwork,Certified ScrumMaster (CSM); Certified Information Systems Security Professional (CISSP),10,Aarambh Project - Modi; Aarambh Project - Aperiam; Aarambh Project - Quas; Pragati Project - Laudantium,,,github.com/kashyapabhiram,,PyCon India,"M.S in Electronics and Communication Engineering, Anna University"
b4e833b6-b949-4356-89f5-be74abd62464,Krishna Mani,Product Management,Product Owner,Group Product Owner,Group,,Certified Information Systems Security Professional (CISSP); Certified ScrumMaster (CSM),17,Pragati Project - Itaque; Pragati Project - Nostrum; Lakshya Project - Alias; Lakshya Project - Quod; Unnati Project - At; Aarambh Project - Est; Pragati Project - Nam; Aarambh Project - Fugit; Lakshya Project - Neque; Lakshya Project - Modi,,,github.com/dhriti03,'Customizable multimedia secured line' in Zoho Tech Journal,AWS Summit India; Google Cloud Summit India; NASSCOM Technology & Leadership Forum,"M.S in Finance, VIT Vellore"
3661659e-1c7e-4cac-b7b8-9b3b53f964ac,Anita Soni,Technology,Software Engineer,Engineer Software Engineer,Engineer,,,6,Pragati Project - Consequuntur; Aarambh Project - Deserunt; Pragati Project - Est; Pragati Project - Facilis,Employee of the Month,Talk at PyCon India,,'Open-source neutral capability' in Reliance Jio Tech Journal,,"BCA in Information Technology, IIT Delhi"
bce9b2d9-8735-4ab8-b404-c6c477b3004b,Hredhaan Gour,Sales,Sales Manager,Regional Manager Sales Manager,Regional Manager,,"AWS Certified Solutions Architect; Oracle Certified Professional, Java SE Programmer",15,Unnati Project - Aut; Pragati Project - Exercitationem; Unnati Project - Aut; Unnati Project - Laborum; Unnati Project - Occaecati; Aarambh Project - Eligendi,Employee of the Month,Talk at Google Cloud Summit India,,,,"B.Tech in Information Technology, VIT Vellore"
4a5d3377-b106-4724-b835-a10bede8eb38,Tanmayi Dar,Product Management,Business Analyst,Group Business Analyst,Group,Teamwork; Communication,"Oracle Certified Professional, Java SE Programmer; Project Management Professional (PMP)",9,Unnati Project - Cumque; Pragati Project - A; Lakshya Project - Eveniet; Lakshya Project - Ratione; Unnati Project - Autem; Lakshya Project - Illo,,Talk at Microsoft Future Ready,,,AWS Summit India; Google Cloud Summit India,"M.Tech in Business Administration, NIT Trichy"
2494c2a3-981b-460f-a01e-5cc138ca6489,Ronith Pillay,Finance,Financial Analyst,Senior Financial Analyst,Senior,Teamwork; Communication,Project Management Professional (PMP); Certified Information Systems Security Professional (CISSP),6,Pragati Project - Quos; Aarambh Project - Repellendus,Employee of the Month,Talk at PyCon India,github.com/qsom,,AWS Summit India; NASSCOM Technology & Leadership Forum,"M.Tech in Mechanical Engineering, IIT Delhi"
41b3a845-6937-423b-8aac-c8a365f44929,Daksha Devi,Product Management,Product Owner,Senior Product Owner,Senior,,,17,Pragati Project - Fugiat; Aarambh Project - Optio; Aarambh Project - Natus; Pragati Project - Officia; Unnati Project - Cumque; Unnati Project - Voluptate; Pragati Project - Dolorem; Pragati Project - Molestias; Aarambh Project - Perspiciatis,Star Performer,Talk at AWS Summit India,,,NASSCOM Technology & Leadership Forum; AWS Summit India,"M.Tech in Electronics and Communication Engineering, NIT Trichy"
a81e71c5-788f-47d3-a0fe-16e34be1650b,Indira Sengupta,Technology,Data Scientist,Principal Data Scientist,Principal,SQL,,9,Lakshya Project - At; Lakshya Project - Animi; Unnati Project - Deleniti; Unnati Project - Tempore,Innovation Excellence Award,,,,Agile India; Great Indian Developer Summit (GIDS); Google Cloud Summit India,"B.Tech in Business Administration, IIT Bombay"
1f6e003e-8342-4018-8d3d-c7f12e5f7eee,Balvan Kanda,Human Resources,Talent Acquisition Specialist,Manager Talent Acquisition Specialist,Manager,Teamwork; Communication,,20,Lakshya Project - Architecto; Aarambh Project - Repellat; Aarambh Project - Sint; Aarambh Project - Consequatur; Pragati Project - Soluta; Lakshya Project - Quae; Aarambh Project - Officia; Pragati Project - Magnam; Pragati Project - Laborum; Pragati Project - Possimus; Pragati Project - Aperiam; Pragati Project - Deserunt,,,,,Microsoft Future Ready; PyCon India; Google Cloud Summit India,"BCA in Business Administration, NIT Trichy"
46f4d4e5-65a9-44e0-8dbf-5d3a15fd7fb6,Indali Kaul,Technology,QA Engineer,Lead QA Engineer,Lead,Automated Testing; Selenium; Manual Testing; JIRA,AWS Certified Solutions Architect,9,Lakshya Project - Earum; Pragati Project - Esse; Unnati Project - Ullam; Aarambh Project - Perspiciatis; Unnati Project - Officia,Employee of the Month,Talk at Microsoft Future Ready,,,,"M.S in Finance, IIIT Hyderabad"
34277b55-faa6-425e-b00e-c3d92d9cc145,Thomas Naidu,Human Resources,Talent Acquisition Specialist,Manager Talent Acquisition Specialist,Manager,,Certified Information Systems Security Professional (CISSP); Google Professional Data Engineer,17,Lakshya Project - Magni; Aarambh Project - Repellendus; Pragati Project - Iusto; Pragati Project - Maxime; Aarambh Project - Quod; Aarambh Project - Incidunt; Lakshya Project - Recusandae,Innovation Excellence Award,,,,AWS Summit India; Great Indian Developer Summit (GIDS),"M.Tech in Electronics and Communication Engineering, NIT Trichy"
5d1d4fdb-2854-4455-b798-e5df8c766f63,Aarush Batta,Technology,Cloud Engineer,Associate Cloud Engineer,Associate,Terraform; GCP; Azure; Networking,"Oracle Certified Professional, Java SE Programmer; Certified ScrumMaster (CSM)",14,Aarambh Project - Illum; Aarambh Project - Deserunt; Lakshya Project - Occaecati; Lakshya Project - Explicabo; Pragati Project - Labore; Pragati Project - Nesciunt; Pragati Project - Consequuntur; Lakshya Project - Consectetur; Pragati Project - Atque,,Talk at PyCon India,,,PyCon India,"B.E in Information Technology, IISc Bangalore"
b5b4e1fe-ecd1-428e-ba92-312163c400a8,Harsh Contractor,Human Resources,HR Business Partner,Coordinator HR Business Partner,Coordinator,Teamwork; Communication,Microsoft Certified: Azure Developer Associate,8,Aarambh Project - Omnis; Aarambh Project - In; Pragati Project - Necessitatibus,Team Player Award,,github.com/odika98,,AWS Summit India; Great Indian Developer Summit (GIDS),"B.Tech in Information Technology, IIT Delhi"
f2b81f90-295c-411d-99e7-f1e82ab20a38,Vedant Jain,Sales,Business Development Representative,Regional Manager Business Development Representative,Regional Manager,Teamwork,"Oracle Certified Professional, Java SE Programmer; Certified Information Systems Security Professional (CISSP)",8,Unnati Project - Officia; Unnati Project - Doloribus; Aarambh Project - Facere; Pragati Project - Laboriosam,,Talk at Microsoft Future Ready,,,,"BCA in Finance, Anna University"
dd0431f7-98c6-4e7e-8e73-68ab55a4e15c,Girish Uppal,Marketing,Marketing Manager,Director Marketing Manager,Director,Teamwork; Communication,Certified ScrumMaster (CSM),19,Pragati Project - Ipsam; Lakshya Project - Delectus; Lakshya Project - Tempore; Pragati Project - Reprehenderit; Aarambh Project - Suscipit; Pragati Project - Aut; Unnati Project - Iure; Pragati Project - Magnam; Pragati Project - Excepturi; Aarambh Project - Laborum,Employee of the Month,Talk at AWS Summit India,,,,"M.S in Information Technology, IIT Delhi"
d4817895-ffae-483e-bfb0-673049f3bcff,Harish Zachariah,Finance,Financial Analyst,Junior Financial Analyst,Junior,Communication; Teamwork,,17,Unnati Project - Expedita; Pragati Project - Ex; Unnati Project - Pariatur; Pragati Project - Enim; Lakshya Project - Nemo; Unnati Project - Maxime; Aarambh Project - Aut; Lakshya Project - Consequuntur; Aarambh Project - Inventore; Lakshya Project - Quidem,Employee of the Month,Talk at Agile India,,,,"M.S in Electronics and Communication Engineering, NIT Warangal"
2433236f-0606-46ed-b225-b891ec4b41dd,Qushi Deshpande,Sales,Business Development Representative,Senior Business Development Representative,Senior,,AWS Certified Solutions Architect,19,Pragati Project - Dolor; Pragati Project - Dolore; Unnati Project - Natus; Lakshya Project - Excepturi; Lakshya Project - Rem; Aarambh Project - Ducimus; Pragati Project - Molestias; Lakshya Project - Modi; Pragati Project - Reprehenderit; Unnati Project - Ratione; Pragati Project - Similique,,Talk at NASSCOM Technology & Leadership Forum,,,Great Indian Developer Summit (GIDS),"B.E in Business Administration, IIT Delhi"
be7c620e-20ad-4fdb-b5b9-251d2b718ccc,Watika Brar,Finance,Financial Analyst,Controller Financial Analyst,Controller,Teamwork,Project Management Professional (PMP); Microsoft Certified: Azure Developer Associate,15,Pragati Project - Deleniti; Pragati Project - Corrupti; Aarambh Project - Et; Lakshya Project - Animi; Unnati Project - Dignissimos; Unnati Project - Sunt; Pragati Project - Impedit; Unnati Project - Adipisci; Unnati Project - Deserunt,Innovation Excellence Award,Talk at NASSCOM Technology & Leadership Forum,,,NASSCOM Technology & Leadership Forum; Google Cloud Summit India,"MCA in Electronics and Communication Engineering, IISc Bangalore"
44681cc8-524c-425f-956f-c021895ce1f2,Tejas Sen,Sales,Business Development Representative,Regional Manager Business Development Representative,Regional Manager,Communication; Teamwork,,2,Aarambh Project - Quibusdam,Star Performer,Talk at Microsoft Future Ready,,,NASSCOM Technology & Leadership Forum; AWS Summit India,"MCA in Computer Science and Engineering, IIT Delhi"
1fe86d9b-0095-4138-9c9d-c80f14b1a1a2,Pahal Dhar,Product Management,Business Analyst,Associate Business Analyst,Associate,,,20,Aarambh Project - Ad; Pragati Project - Eos; Aarambh Project - Temporibus; Lakshya Project - Optio; Aarambh Project - Ad; Unnati Project - Eveniet; Pragati Project - Eligendi; Pragati Project - Mollitia; Aarambh Project - Nesciunt; Pragati Project - Mollitia; Lakshya Project - Qui,Employee of the Month,Talk at NASSCOM Technology & Leadership Forum,,'Synergistic reciprocal focus group' in Infosys Tech Journal,PyCon India; Great Indian Developer Summit (GIDS),"MCA in Electronics and Communication Engineering, IIT Bombay"
31a3f47b-0fa2-4372-8cc8-3731d794bda1,Kavya Butala,Finance,Accountant,Senior Accountant,Senior,Communication; Teamwork,,9,Unnati Project - Asperiores; Pragati Project - Eos; Lakshya Project - Quaerat; Unnati Project - Velit,Employee of the Month,Talk at AWS Summit India,,,Agile India; NASSCOM Technology & Leadership Forum,"BCA in Mechanical Engineering, NIT Trichy"
6590e5fc-ebe0-4059-b4b1-c397d21d2362,Ekanta Sibal,Sales,Business Development Representative,Senior Business Development Representative,Senior,Communication,,17,Pragati Project - Inventore; Pragati Project - Accusamus; Pragati Project - Itaque; Unnati Project - Laudantium; Lakshya Project - Laudantium; Lakshya Project - Sed; Pragati Project - Occaecati; Pragati Project - Eaque; Aarambh Project - Dignissimos,Employee of the Month,Talk at Google Cloud Summit India,,,,"BCA in Business Administration, IISc Bangalore"
3b51a1f2-5750-4935-892b-50b2a90b1ae5,Vaishnavi Sathe,Finance,Financial Analyst,Junior Financial Analyst,Junior,Communication,"Oracle Certified Professional, Java SE Programmer; Certified Information Systems Security Professional (CISSP)",9,Pragati Project - Perspiciatis; Pragati Project - Reprehenderit; Aarambh Project - Voluptatum; Lakshya Project - Porro,Team Player Award,Talk at Great Indian Developer Summit (GIDS),,,,"B.Tech in Electronics and Communication Engineering, IIT Bombay"
35e39a28-ad72-42a1-88ac-c3dd61e9bd39,Rehaan Virk,Human Resources,HR Business Partner,Coordinator HR Business Partner,Coordinator,,Google Professional Data Engineer,8,Lakshya Project - Accusamus; Lakshya Project - Cupiditate; Unnati Project - Reiciendis,,,github.com/dassaumya,'Multi-tiered tangible pricing structure' in Reliance Jio Tech Journal,Great Indian Developer Summit (GIDS); Google Cloud Summit India,"M.Tech in Finance, IIT Madras"
0ce388f0-428e-4fff-986e-3efc61d92bb2,Jairaj Varty,Sales,Account Executive,Regional Manager Account Executive,Regional Manager,Teamwork; Communication,Project Management Professional (PMP),5,Pragati Project - Error,,,,,,"B.E in Electronics and Communication Engineering, VIT Vellore"
978a4fe7-feda-4cf4-a1d2-a0d8dedff6b2,Vaishnavi Lal,Sales,Sales Manager,Junior Sales Manager,Junior,Teamwork; Communication,,2,Pragati Project - Architecto; Lakshya Project - Esse; Lakshya Project - Adipisci,Innovation Excellence Award,,,,Google Cloud Summit India,"M.Tech in Electronics and Communication Engineering, VIT Vellore"
a2067501-d7c8-460b-a039-54a852932da9,Radhika Bora,Marketing,Content Strategist,Manager Content Strategist,Manager,,Google Professional Data Engineer; Microsoft Certified: Azure Developer Associate,6,Pragati Project - Quae; Aarambh Project - Fugit; Aarambh Project - Perspiciatis; Pragati Project - Nobis; Pragati Project - Laborum,Innovation Excellence Award,Talk at NASSCOM Technology & Leadership Forum,github.com/battazarna,'Multi-tiered bandwidth-monitored ability' in Zomato Tech Journal,Agile India; Microsoft Future Ready,"B.E in Computer Science and Engineering, Anna University"
bc6adc3e-aebd-4dd3-a3ff-941a5dc84d1b,Gagan Master,Sales,Account Executive,Senior Account Executive,Senior,,,13,Unnati Project - Quia; Aarambh Project - Non; Unnati Project - Pariatur; Unnati Project - Qui; Lakshya Project - Earum; Pragati Project - Similique; Lakshya Project - Molestias; Aarambh Project - Quibusdam,Innovation Excellence Award,Talk at Google Cloud Summit India,github.com/samuelray,,Agile India,"MCA in Electronics and Communication Engineering, NIT Trichy"
083399b1-98ca-447c-95ed-eec86b82c1b8,Balveer Sachdev,Marketing,Digital Marketing Specialist,Specialist Digital Marketing Specialist,Specialist,Teamwork; Communication,,19,Aarambh Project - Hic; Pragati Project - A; Lakshya Project - Deserunt; Aarambh Project - Ipsa; Lakshya Project - Aliquid; Aarambh Project - Molestias; Pragati Project - Sapiente; Aarambh Project - Placeat; Pragati Project - Quis; Aarambh Project - Inventore,,Talk at NASSCOM Technology & Leadership Forum,,,,"M.Tech in Information Technology, Anna University"
04bd2e95-0120-4399-ae3f-84c26c4b6bf9,Indrajit Pathak,Finance,Financial Analyst,Controller Financial Analyst,Controller,,Project Management Professional (PMP),15,Lakshya Project - Voluptate; Unnati Project - Dignissimos; Aarambh Project - Maxime; Unnati Project - Veritatis; Aarambh Project - Aspernatur; Unnati Project - Cumque; Pragati Project - Ea,Employee of the Month,Talk at PyCon India,,,Google Cloud Summit India; PyCon India; NASSCOM Technology & Leadership Forum,"BCA in Computer Science and Engineering, IISc Bangalore"
81c73393-90a3-441c-8f4d-8917e1c0879c,Pavani Varughese,Sales,Sales Manager,Senior Sales Manager,Senior,,Certified ScrumMaster (CSM); Google Professional Data Engineer,11,Aarambh Project - Odit; Pragati Project - Accusamus; Lakshya Project - Voluptas; Aarambh Project - Quisquam; Unnati Project - Laborum; Aarambh Project - Molestias,,Talk at Google Cloud Summit India,,,Agile India; PyCon India; Great Indian Developer Summit (GIDS),"BCA in Electronics and Communication Engineering, IIIT Hyderabad"
36310a5d-39d2-4b1f-a4ba-9733c10d63d5,Simon Sehgal,Finance,Accountant,Controller Accountant,Controller,Teamwork,Project Management Professional (PMP); Microsoft Certified: Azure Developer Associate,16,Lakshya Project - Mollitia; Unnati Project - Exercitationem; Lakshya Project - Corporis; Lakshya Project - Praesentium; Lakshya Project - Aliquam; Lakshya Project - Velit; Pragati Project - Eius,,,,,NASSCOM Technology & Leadership Forum; PyCon India; Great Indian Developer Summit (GIDS),"B.Tech in Computer Science and Engineering, IIT Madras"
199e1bf3-2f8d-49e4-8a4e-48438d6570e4,Manya Munshi,Technology,Software Engineer,Senior Software Engineer,Senior,SQL,Certified ScrumMaster (CSM); Certified Information Systems Security Professional (CISSP),15,Pragati Project - Error; Pragati Project - Architecto; Unnati Project - Accusantium; Unnati Project - Totam; Lakshya Project - Officia; Pragati Project - Eum,Team Player Award,,,,,"MCA in Information Technology, BITS Pilani"
1cedef56-bb3c-4908-8757-1e6d474bfc00,Ekavir Pant,Sales,Business Development Representative,Senior Business Development Representative,Senior,,"Microsoft Certified: Azure Developer Associate; Oracle Certified Professional, Java SE Programmer",15,Aarambh Project - Eum; Pragati Project - Excepturi; Unnati Project - Est; Lakshya Project - Accusamus; Lakshya Project - Accusantium; Aarambh Project - Iste; Aarambh Project - Molestias; Unnati Project - Sed,,Talk at PyCon India,,,AWS Summit India; Google Cloud Summit India,"B.E in Information Technology, IIT Delhi"
653365db-72bf-4442-9f54-1b555557ebee,Nilima Menon,Marketing,Content Strategist,Director Content Strategist,Director,,"Oracle Certified Professional, Java SE Programmer",16,Aarambh Project - Atque; Lakshya Project - Commodi; Pragati Project - Nulla; Pragati Project - Provident; Lakshya Project - Adipisci; Lakshya Project - Consequuntur; Pragati Project - Enim; Unnati Project - Error; Aarambh Project - Fugiat; Unnati Project - Cum,Team Player Award,Talk at AWS Summit India,github.com/kamdarjanya,,NASSCOM Technology & Leadership Forum; PyCon India; Agile India,"M.S in Information Technology, JNTU Hyderabad"
e6d0aaeb-3188-4cc8-a25f-fe26a006839a,Manya Palla,Product Management,Product Manager,Group Product Manager,Group,,"Oracle Certified Professional, Java SE Programmer",11,Lakshya Project - Mollitia; Aarambh Project - Voluptatem; Aarambh Project - Praesentium; Lakshya Project - Repellat,Innovation Excellence Award,Talk at NASSCOM Technology & Leadership Forum,,,Google Cloud Summit India,"M.S in Business Administration, IISc Bangalore"
021370ee-2fb6-4564-becc-b1e749d4bcfa,Rishi Chopra,Human Resources,HR Generalist,Specialist HR Generalist,Specialist,Teamwork,,15,Lakshya Project - Distinctio; Aarambh Project - Delectus; Lakshya Project - Nulla; Unnati Project - Modi; Aarambh Project - Voluptas; Lakshya Project - Distinctio,,Talk at PyCon India,github.com/magrawal,,Google Cloud Summit India; Microsoft Future Ready; PyCon India,"BCA in Electronics and Communication Engineering, IIIT Hyderabad"
7bcd8a55-4eaf-4924-b0a6-040ba87c38fc,Qadim Ray,Sales,Account Executive,Regional Manager Account Executive,Regional Manager,,,7,Lakshya Project - Omnis; Pragati Project - Asperiores; Pragati Project - Facilis,Employee of the Month,,,,NASSCOM Technology & Leadership Forum; AWS Summit India; Google Cloud Summit India,"B.Tech in Computer Science and Engineering, BITS Pilani"
817e7b59-0ef5-4844-9fe5-e20b083d9022,William Nayak,Technology,Cloud Engineer,Principal Cloud Engineer,Principal,Networking; Azure; Terraform,Certified ScrumMaster (CSM),13,Pragati Project - Odio; Unnati Project - In; Aarambh Project - Veniam; Pragati Project - Reprehenderit; Lakshya Project - Temporibus; Aarambh Project - Harum; Unnati Project - Cumque; Unnati Project - Alias,Star Performer,Talk at NASSCOM Technology & Leadership Forum,,,AWS Summit India,"B.E in Mechanical Engineering, IIT Bombay"
9a72ecf5-8d10-47dd-ad8b-1c5b6ad6b970,Samar Virk,Technology,Software Engineer,Senior Software Engineer,Senior,Docker; Kubernetes; SQL; Go,"Oracle Certified Professional, Java SE Programmer",2,Lakshya Project - Amet,,Talk at Great Indian Developer Summit (GIDS),,,Google Cloud Summit India; Agile India,"M.Tech in Information Technology, IISc Bangalore"
b6abe6c7-a39c-475d-839f-0501338d208a,Wakeeta Kota,Product Management,Product Owner,Associate Product Owner,Associate,Communication,Certified Information Systems Security Professional (CISSP); AWS Certified Solutions Architect,15,Lakshya Project - Placeat; Pragati Project - Aliquid; Pragati Project - Excepturi; Pragati Project - Laudantium; Lakshya Project - Corporis; Lakshya Project - Atque; Pragati Project - At; Aarambh Project - Natus,Employee of the Month,Talk at Microsoft Future Ready,,,Agile India; Microsoft Future Ready; Great Indian Developer Summit (GIDS),"M.Tech in Computer Science and Engineering, JNTU Hyderabad"
a219608b-f2e7-458d-beaf-764b41c41815,Maanav Mangat,Finance,Financial Analyst,Junior Financial Analyst,Junior,Communication; Teamwork,Certified ScrumMaster (CSM),6,Aarambh Project - Corrupti; Unnati Project - Delectus; Unnati Project - Vitae; Aarambh Project - Ad; Lakshya Project - Nam,Star Performer,Talk at Google Cloud Summit India,github.com/harshilpandey,,NASSCOM Technology & Leadership Forum; Agile India; Google Cloud Summit India,"MCA in Mechanical Engineering, IIT Madras"
b03d7b0f-afa1-4a0a-b2d1-82d3ab306785,Thomas Chana,Sales,Business Development Representative,Regional Manager Business Development Representative,Regional Manager,Teamwork; Communication,,12,Lakshya Project - Magnam; Lakshya Project - Velit; Pragati Project - Magni; Lakshya Project - Voluptatibus; Pragati Project - Itaque; Pragati Project - Molestias; Lakshya Project - Quas,Team Player Award,Talk at Agile India,github.com/chaturakanda,'Cross-group actuating adapter' in Tech Mahindra Tech Journal,PyCon India; Great Indian Developer Summit (GIDS); Microsoft Future Ready,"M.S in Electronics and Communication Engineering, JNTU Hyderabad"
98f41d70-e18f-4e7c-906f-5e2ff6a92c9d,Balvan Sani,Product Management,Business Analyst,Senior Business Analyst,Senior,,,20,Aarambh Project - Harum; Lakshya Project - Officiis; Aarambh Project - Dignissimos; Aarambh Project - Voluptatibus; Unnati Project - Aut; Unnati Project - Vitae; Pragati Project - Nobis; Lakshya Project - Cum; Unnati Project - Numquam; Lakshya Project - Odio,Team Player Award,Talk at AWS Summit India,,,Great Indian Developer Summit (GIDS); Agile India; Microsoft Future Ready,"M.S in Electronics and Communication Engineering, IIT Delhi"
72152e00-734a-43b2-ab1e-cfacf94e3f1d,Tanish Kamdar,Technology,DevOps Engineer,Manager DevOps Engineer,Manager,Jenkins; Ansible; GitLab CI; Docker; Kubernetes,,9,Pragati Project - Officia; Pragati Project - Neque; Unnati Project - Ut,,Talk at Google Cloud Summit India,,,,"B.E in Information Technology, Anna University"
743dfeea-d074-4f5e-8f1b-072876ac3af9,Samaksh Chaudhary,Marketing,Marketing Manager,Director Marketing Manager,Director,,Microsoft Certified: Azure Developer Associate,6,Unnati Project - Cupiditate; Aarambh Project - Nostrum; Aarambh Project - Quis; Aarambh Project - Iusto,,Talk at AWS Summit India,,,,"M.Tech in Electronics and Communication Engineering, IISc Bangalore"
e08ae240-7250-473d-96db-8818c74144ad,Hitesh Bhatti,Product Management,Business Analyst,Group Business Analyst,Group,Teamwork; Communication,,4,Unnati Project - Ducimus; Lakshya Project - Recusandae; Lakshya Project - Officia,,Talk at Agile India,,,AWS Summit India; Great Indian Developer Summit (GIDS),"B.E in Electronics and Communication Engineering, NIT Warangal"
d65b1778-06c4-4c5a-ba6c-b88654b9206a,Kevin Varty,Sales,Business Development Representative,Senior Business Development Representative,Senior,,Certified ScrumMaster (CSM); Certified Information Systems Security Professional (CISSP),17,Pragati Project - Neque; Unnati Project - Explicabo; Lakshya Project - Est; Lakshya Project - Consectetur; Lakshya Project - Ipsa; Aarambh Project - Mollitia; Aarambh Project - Atque; Pragati Project - Excepturi; Lakshya Project - Repellendus,Innovation Excellence Award,,,,Great Indian Developer Summit (GIDS); PyCon India; Agile India,"M.S in Computer Science and Engineering, NIT Warangal"
a800fd67-87ec-4bb8-ba66-e1640a137e95,Ayaan Thaker,Human Resources,Talent Acquisition Specialist,Specialist Talent Acquisition Specialist,Specialist,Teamwork,"Oracle Certified Professional, Java SE Programmer; Microsoft Certified: Azure Developer Associate",5,Unnati Project - Aliquam; Lakshya Project - Ullam,Team Player Award,Talk at AWS Summit India,,,Agile India; Great Indian Developer Summit (GIDS); Google Cloud Summit India,"B.Tech in Computer Science and Engineering, IIT Madras"
e6328585-ca86-4390-8547-45a78a09ba38,Maya Bail,Human Resources,Talent Acquisition Specialist,Coordinator Talent Acquisition Specialist,Coordinator,,"Oracle Certified Professional, Java SE Programmer; Certified Information Systems Security Professional (CISSP)",7,Unnati Project - Quae; Unnati Project - Ut; Pragati Project - Perspiciatis,Innovation Excellence Award,Talk at PyCon India,,,,"M.Tech in Finance, IIT Bombay"
2dfcec6c-01e3-491f-a50d-a53493a3582a,Kamala Narayan,Finance,Accountant,Controller Accountant,Controller,Communication; Teamwork,"Certified Information Systems Security Professional (CISSP); Oracle Certified Professional, Java SE Programmer",18,Lakshya Project - Ut; Lakshya Project - Minima; Unnati Project - Illo; Unnati Project - Excepturi; Pragati Project - Necessitatibus; Aarambh Project - Itaque; Unnati Project - Sit; Pragati Project - Officia; Lakshya Project - Fugiat; Pragati Project - Soluta; Aarambh Project - Dignissimos,Star Performer,,,,Agile India,"B.E in Mechanical Engineering, VIT Vellore"
5e2d7e1f-86d8-405d-abb9-1a4baa368736,Jeremiah Badal,Sales,Account Executive,Senior Account Executive,Senior,Teamwork; Communication,Project Management Professional (PMP); Google Professional Data Engineer,13,Unnati Project - Neque; Lakshya Project - Quisquam; Unnati Project - Iure; Unnati Project - Temporibus; Aarambh Project - Nulla; Aarambh Project - Illum,Employee of the Month,Talk at AWS Summit India,,,Great Indian Developer Summit (GIDS); Microsoft Future Ready,"B.Tech in Finance, IISc Bangalore"
af07473e-858d-4f61-8d9b-62264d2986ae,Samarth Dhar,Sales,Business Development Representative,Regional Manager Business Development Representative,Regional Manager,Communication; Teamwork,,17,Lakshya Project - Architecto; Pragati Project - Iure; Unnati Project - Repellendus; Pragati Project - Inventore; Lakshya Project - Voluptatum; Unnati Project - Deserunt; Aarambh Project - Ab; Aarambh Project - Aperiam; Aarambh Project - Temporibus,,Talk at Agile India,github.com/vedhikaswamy,,Microsoft Future Ready; Google Cloud Summit India; NASSCOM Technology & Leadership Forum,"MCA in Electronics and Communication Engineering, IIT Delhi"
4c24591a-4a05-4c3c-9f36-2ad2e5804d65,Sanya Ghosh,Product Management,Business Analyst,Group Business Analyst,Group,,Certified Information Systems Security Professional (CISSP),13,Unnati Project - Ipsa; Aarambh Project - Debitis; Pragati Project - Suscipit; Pragati Project - Voluptatum; Aarambh Project - Delectus; Lakshya Project - Beatae,Employee of the Month,,,'Ameliorated local database' in Reliance Jio Tech Journal,Google Cloud Summit India,"B.E in Information Technology, IISc Bangalore"
24c507dc-62a3-4569-9fb1-47f89edafcc3,Nikita Hora,Sales,Account Executive,Regional Manager Account Executive,Regional Manager,,,5,Pragati Project - Nisi,Innovation Excellence Award,,,'Mandatory client-server throughput' in Swiggy Tech Journal,AWS Summit India,"BCA in Business Administration, NIT Trichy"
97c65e7b-691a-4a01-9568-d473f596c50f,Tanish Dara,Marketing,Marketing Manager,Specialist Marketing Manager,Specialist,Teamwork; Communication,Project Management Professional (PMP),6,Lakshya Project - Numquam; Pragati Project - Accusamus; Lakshya Project - Eaque; Pragati Project - Nulla; Aarambh Project - Asperiores,Innovation Excellence Award,Talk at AWS Summit India,,'Multi-channeled coherent capability' in Wipro Tech Journal,Google Cloud Summit India; Microsoft Future Ready,"B.E in Business Administration, IIT Bombay"
59c0d91e-b63c-48fe-81c4-08e14921a1bf,Charles Dube,Sales,Account Executive,Regional Manager Account Executive,Regional Manager,Communication,,8,Pragati Project - Inventore; Unnati Project - Impedit; Unnati Project - Eum,Innovation Excellence Award,,,,Agile India,"M.S in Business Administration, NIT Warangal"
d69fd8d2-305e-4b41-8956-f0f53245ede7,Urishilla Sandhu,Finance,Financial Analyst,Controller Financial Analyst,Controller,Teamwork; Communication,Google Professional Data Engineer,1,Lakshya Project - Fugit,Team Player Award,Talk at Agile India,github.com/kbath,,Google Cloud Summit India; AWS Summit India; Microsoft Future Ready,"B.Tech in Electronics and Communication Engineering, IIT Madras"
33cac29a-a8bc-47bd-a480-55a6e06eca14,Odika Das,Human Resources,HR Business Partner,Manager HR Business Partner,Manager,,,13,Pragati Project - Magnam; Pragati Project - Ratione; Pragati Project - Minus; Aarambh Project - Sapiente; Pragati Project - Velit; Unnati Project - Doloremque,Employee of the Month,Talk at Great Indian Developer Summit (GIDS),github.com/tghosh,'Exclusive systemic encoding' in Zoho Tech Journal,Great Indian Developer Summit (GIDS); PyCon India,"MCA in Computer Science and Engineering, IIT Madras"
43152a05-950a-4410-a7ab-3437da6d98ea,Rayaan Jha,Sales,Account Executive,Junior Account Executive,Junior,Teamwork; Communication,Google Professional Data Engineer,1,Aarambh Project - In; Pragati Project - Cumque,Star Performer,,,,,"B.Tech in Finance, NIT Warangal"
dd3f4fed-d8de-4a7f-b9a1-977031dc35e2,Ubika Chand,Finance,Accountant,Controller Accountant,Controller,Teamwork; Communication,,1,,,,,,Google Cloud Summit India; Microsoft Future Ready; NASSCOM Technology & Leadership Forum,"MCA in Finance, Anna University"
fba4bbba-b892-4f86-a7a4-c1e269cdf654,Indali Wagle,Sales,Business Development Representative,Regional Manager Business Development Representative,Regional Manager,Teamwork,,7,Pragati Project - Soluta; Aarambh Project - Praesentium; Aarambh Project - Earum; Pragati Project - Nostrum,,Talk at Google Cloud Summit India,,,Agile India,"M.S in Mechanical Engineering, Anna University"
2a7dfed4-fd06-4e10-8dfb-f401b1ec1c75,Ekavir Pingle,Sales,Account Executive,Junior Account Executive,Junior,Communication; Teamwork,,13,Unnati Project - Nam; Pragati Project - Cupiditate; Pragati Project - Sapiente; Aarambh Project - Pariatur; Aarambh Project - Unde,Team Player Award,Talk at Great Indian Developer Summit (GIDS),,'Enhanced fresh-thinking solution' in Flipkart Tech Journal,,"BCA in Computer Science and Engineering, IIIT Hyderabad"
0feb4852-8396-4e11-968a-2cfc8e2003c0,Ishani Kunda,Technology,DevOps Engineer,Associate DevOps Engineer,Associate,,Project Management Professional (PMP),16,Pragati Project - Libero; Aarambh Project - Facere; Unnati Project - Itaque; Lakshya Project - Repudiandae; Aarambh Project - Et; Pragati Project - Earum; Pragati Project - Cum; Aarambh Project - Soluta; Unnati Project - Repudiandae; Lakshya Project - Quia,Innovation Excellence Award,Talk at Google Cloud Summit India,,,Microsoft Future Ready; PyCon India,"M.S in Information Technology, IIT Bombay"
339afe42-a6ef-4751-865d-5ef872c789a5,Falguni Balan,Technology,Data Scientist,Engineer Data Scientist,Engineer,,,18,Lakshya Project - Nobis; Unnati Project - Deserunt; Lakshya Project - Perspiciatis; Pragati Project - Natus; Aarambh Project - Quod; Lakshya Project - Enim; Unnati Project - Incidunt; Aarambh Project - Maxime; Lakshya Project - Nihil,Star Performer,Talk at PyCon India,,'Monitored transitional conglomeration' in Reliance Jio Tech Journal,,"M.Tech in Business Administration, JNTU Hyderabad"
59bd7d3c-c98e-485c-b223-ebe46211fa40,Sudiksha Pant,Human Resources,HR Business Partner,Manager HR Business Partner,Manager,Communication; Teamwork,,5,Unnati Project - Ea; Lakshya Project - Sint; Pragati Project - Non,Innovation Excellence Award,Talk at Google Cloud Summit India,github.com/ybatta,,,"BCA in Electronics and Communication Engineering, NIT Trichy"
73f4ed5f-7120-45fd-868a-d72fc3eee28a,Ubika Sandhu,Human Resources,HR Business Partner,Specialist HR Business Partner,Specialist,Teamwork; Communication,AWS Certified Solutions Architect; Certified ScrumMaster (CSM),20,Unnati Project - Occaecati; Unnati Project - Quas; Lakshya Project - Suscipit; Lakshya Project - Corrupti; Pragati Project - Aut; Aarambh Project - Rerum; Unnati Project - Dolore; Lakshya Project - Dolorum; Unnati Project - Corporis; Unnati Project - Rerum; Unnati Project - Molestias; Lakshya Project - Necessitatibus,Employee of the Month,Talk at Microsoft Future Ready,,,,"MCA in Electronics and Communication Engineering, NIT Trichy"
20514fe6-f9ca-4439-9b71-bf2cf69204ba,Isha Aggarwal,Marketing,Marketing Manager,Director Marketing Manager,Director,Communication; Teamwork,AWS Certified Solutions Architect,9,Aarambh Project - Reprehenderit; Pragati Project - Numquam; Unnati Project - Maiores; Pragati Project - Dolores; Aarambh Project - Expedita; Unnati Project - Optio,Employee of the Month,,,,PyCon India,"B.Tech in Information Technology, VIT Vellore"
edd9c079-b05b-430c-9779-2350035e430b,Krishna Walia,Product Management,Product Owner,Associate Product Owner,Associate,Communication,"Oracle Certified Professional, Java SE Programmer; Project Management Professional (PMP)",4,Unnati Project - Nihil; Lakshya Project - Sunt; Lakshya Project - Architecto,Employee of the Month,Talk at PyCon India,github.com/liam32,,Agile India; Microsoft Future Ready,"BCA in Electronics and Communication Engineering, VIT Vellore"
36e623b1-c071-4f92-80e0-44c451725aee,Niharika Sehgal,Sales,Business Development Representative,Regional Manager Business Development Representative,Regional Manager,Communication; Teamwork,,11,Lakshya Project - Consectetur; Pragati Project - Similique; Pragati Project - Dolores; Unnati Project - Officia; Pragati Project - Sit; Aarambh Project - Officia,Star Performer,,github.com/hamsinikalla,,Agile India; Google Cloud Summit India,"MCA in Business Administration, IIT Bombay"
f2815af0-0f02-4f26-9709-b53e3f9056c9,Chanchal Garg,Sales,Business Development Representative,Junior Business Development Representative,Junior,,"Oracle Certified Professional, Java SE Programmer",6,Lakshya Project - A; Unnati Project - Occaecati; Unnati Project - Distinctio; Pragati Project - Vero,Employee of the Month,Talk at Microsoft Future Ready,github.com/naikdalbir,'Organized disintermediate capability' in HCL Technologies Tech Journal,,"B.Tech in Information Technology, IIT Madras"
f966e4f2-1cf4-4183-a665-a4c7e1746426,Sathvik Thaker,Technology,Data Scientist,Senior Data Scientist,Senior,PyTorch,Project Management Professional (PMP),13,Unnati Project - Ducimus; Pragati Project - Atque; Lakshya Project - Quasi; Aarambh Project - Dolorem; Lakshya Project - Delectus; Lakshya Project - Minima; Lakshya Project - Quo; Pragati Project - Facere,Star Performer,Talk at Google Cloud Summit India,github.com/yashasvilata,,,"BCA in Business Administration, IISc Bangalore"
aa95321d-883e-49cc-a2ce-ac0e23e8a3cc,Harrison Date,Technology,UX/UI Designer,Associate UX/UI Designer,Associate,Adobe XD,Project Management Professional (PMP); Certified Information Systems Security Professional (CISSP),20,Lakshya Project - In; Unnati Project - Voluptatem; Aarambh Project - Dolorem; Lakshya Project - Necessitatibus; Unnati Project - Laudantium; Lakshya Project - Eum; Pragati Project - Mollitia; Pragati Project - Deserunt; Unnati Project - Quos; Pragati Project - Iure; Aarambh Project - Vel; Aarambh Project - Harum,Employee of the Month,Talk at NASSCOM Technology & Leadership Forum,,,,"BCA in Mechanical Engineering, BITS Pilani"
ebff5615-097f-4e69-9834-b72f65c2e6a0,Bina Kunda,Product Management,Business Analyst,Group Business Analyst,Group,Communication; Teamwork,Google Professional Data Engineer,3,Lakshya Project - Ipsa; Pragati Project - Ut; Lakshya Project - Ipsa,Team Player Award,,,,Great Indian Developer Summit (GIDS),"M.Tech in Mechanical Engineering, IIIT Hyderabad"
c176955e-a9d3-4c2d-b670-b200c15874a3,Bhanumati Dash,Technology,DevOps Engineer,Senior DevOps Engineer,Senior,Kubernetes; Jenkins; Docker; Ansible; Puppet,Google Professional Data Engineer; Certified ScrumMaster (CSM),1,Aarambh Project - Dolorum,Team Player Award,Talk at Agile India,,,Google Cloud Summit India; Microsoft Future Ready,"M.Tech in Finance, NIT Warangal"
d19fa01a-998c-43d0-9fbc-22573d00ef2e,Hritik Vyas,Finance,Accountant,Controller Accountant,Controller,,Microsoft Certified: Azure Developer Associate,19,Aarambh Project - Distinctio; Unnati Project - Voluptates; Unnati Project - Mollitia; Lakshya Project - Quo; Pragati Project - Officia; Pragati Project - Excepturi; Unnati Project - Non; Pragati Project - Commodi; Pragati Project - Repudiandae; Unnati Project - Eligendi,Employee of the Month,Talk at Google Cloud Summit India,,,PyCon India; Great Indian Developer Summit (GIDS),"B.E in Information Technology, IISc Bangalore"
c57032bf-b325-42cd-8e5b-6fd654968e15,Wriddhish Chacko,Finance,Financial Analyst,Senior Financial Analyst,Senior,Communication; Teamwork,AWS Certified Solutions Architect,11,Unnati Project - Corrupti; Aarambh Project - Neque; Lakshya Project - Pariatur; Unnati Project - Sapiente; Unnati Project - Minima; Pragati Project - Doloribus,,,,,,"MCA in Information Technology, IIT Delhi"
36d224ef-863d-48dc-ba23-c4374fba030b,Nitara Chaudry,Product Management,Business Analyst,Senior Business Analyst,Senior,Teamwork; Communication,Project Management Professional (PMP),11,Aarambh Project - Cupiditate; Lakshya Project - Cupiditate; Unnati Project - In; Aarambh Project - Ratione; Aarambh Project - Natus,Star Performer,Talk at Microsoft Future Ready,,,,"M.Tech in Information Technology, VIT Vellore"
40fdbafe-53de-419d-96bd-03665f2a1c96,Inaya Date,Finance,Financial Analyst,Controller Financial Analyst,Controller,Teamwork,,15,Lakshya Project - Atque; Pragati Project - Voluptatibus; Pragati Project - Qui; Aarambh Project - Quas; Aarambh Project - Aliquid; Unnati Project - Quod,,,,,,"B.E in Computer Science and Engineering, IIIT Hyderabad"
f922a889-7442-4724-b746-b819dd6420c7,Dev Chad,Sales,Sales Manager,Junior Sales Manager,Junior,,AWS Certified Solutions Architect; Microsoft Certified: Azure Developer Associate,2,Pragati Project - Repellendus,,,github.com/yauvanimital,,Agile India,"B.Tech in Business Administration, VIT Vellore"
3c24ca01-0c65-4ff3-84ff-cdf691d81c6b,Ira Lata,Technology,DevOps Engineer,Principal DevOps Engineer,Principal,,Microsoft Certified: Azure Developer Associate; Google Professional Data Engineer,20,Unnati Project - Incidunt; Pragati Project - Eaque; Lakshya Project - Cum; Lakshya Project - Animi; Lakshya Project - Cumque; Pragati Project - Quo; Unnati Project - Tenetur; Pragati Project - Culpa; Lakshya Project - Reiciendis; Pragati Project - Molestiae; Aarambh Project - Dolores; Unnati Project - Quidem,,Talk at NASSCOM Technology & Leadership Forum,,,PyCon India; Google Cloud Summit India,"M.S in Mechanical Engineering, IISc Bangalore"
be593ea4-96f5-41a0-a1b9-8dc403dfd484,Harshil Rai,Sales,Business Development Representative,Senior Business Development Representative,Senior,Communication; Teamwork,"Google Professional Data Engineer; Oracle Certified Professional, Java SE Programmer",11,Unnati Project - Quae; Aarambh Project - Sed; Unnati Project - Sequi; Unnati Project - Explicabo; Pragati Project - Quasi; Unnati Project - Ducimus,Innovation Excellence Award,Talk at Microsoft Future Ready,,,Agile India,"B.E in Electronics and Communication Engineering, Anna University"
ef5b7447-37eb-4ea4-80ef-e06e51019095,Vritti Doshi,Sales,Sales Manager,Junior Sales Manager,Junior,,Certified ScrumMaster (CSM); AWS Certified Solutions Architect,19,Unnati Project - Quis; Lakshya Project - Esse; Lakshya Project - Sunt; Pragati Project - Nihil; Aarambh Project - Quo; Lakshya Project - Est; Aarambh Project - Natus; Lakshya Project - Minima; Pragati Project - Quae; Pragati Project - Exercitationem; Pragati Project - Enim,Innovation Excellence Award,,github.com/samayash,,Agile India,"M.Tech in Information Technology, JNTU Hyderabad"
b83ea27c-b3ac-4943-8ad8-2a6c81f9a7ca,Radhika Sura,Finance,Accountant,Controller Accountant,Controller,,,8,Aarambh Project - Quidem; Unnati Project - Quod; Lakshya Project - Cupiditate; Unnati Project - Tempore,,,,,NASSCOM Technology & Leadership Forum,"B.Tech in Information Technology, IIIT Hyderabad"
bb1875a0-74a0-4c6b-ac57-d9100b095095,Janya Dubey,Human Resources,HR Business Partner,Coordinator HR Business Partner,Coordinator,,Google Professional Data Engineer; Certified ScrumMaster (CSM),7,Lakshya Project - Iure; Unnati Project - Dicta; Aarambh Project - Nostrum; Aarambh Project - Totam; Unnati Project - Magnam,Team Player Award,Talk at Google Cloud Summit India,,,AWS Summit India,"BCA in Mechanical Engineering, IIT Bombay"
ef77d34f-f8ba-448a-9562-b53ce26719ca,Balvan Chopra,Sales,Account Executive,Senior Account Executive,Senior,Communication; Teamwork,Project Management Professional (PMP); Google Professional Data Engineer,13,Aarambh Project - Atque; Aarambh Project - Nam; Pragati Project - Vitae; Unnati Project - Rerum; Pragati Project - Tempore; Pragati Project - Consequatur; Unnati Project - Repellat,,,,'Centralized bandwidth-monitored structure' in Swiggy Tech Journal,,"B.E in Information Technology, Anna University"
3aedc84d-b96f-46f4-9f52-0f38f340fd73,Manbir Dhar,Sales,Account Executive,Regional Manager Account Executive,Regional Manager,Teamwork; Communication,Certified Information Systems Security Professional (CISSP); Google Professional Data Engineer,1,,Innovation Excellence Award,Talk at PyCon India,,,PyCon India,"M.Tech in Business Administration, JNTU Hyderabad"
eac301cf-ad7f-4d9b-a2aa-f0ba3573f527,Neelima Basu,Product Management,Product Owner,Associate Product Owner,Associate,,AWS Certified Solutions Architect,6,Aarambh Project - Eum; Pragati Project - Libero; Unnati Project - Odit; Lakshya Project - Voluptates; Aarambh Project - Iste,Star Performer,Talk at Agile India,,,PyCon India,"B.E in Information Technology, IIT Bombay"
a3af97cf-4fac-4904-a8a4-09ebfd91abcd,Nitesh Dyal,Marketing,Digital Marketing Specialist,Manager Digital Marketing Specialist,Manager,Communication; Teamwork,,16,Unnati Project - Rem; Unnati Project - Tenetur; Aarambh Project - Deleniti; Aarambh Project - Doloribus; Lakshya Project - Error; Unnati Project - Culpa; Unnati Project - Natus; Aarambh Project - Quia,,,,,,"BCA in Business Administration, BITS Pilani"
a6f7fd78-bcfa-4ebb-9955-975ca7aff5c6,Tanay Purohit,Marketing,Marketing Manager,Associate Marketing Manager,Associate,,,4,Lakshya Project - Beatae; Aarambh Project - Molestiae; Pragati Project - Nihil,Team Player Award,Talk at NASSCOM Technology & Leadership Forum,,,NASSCOM Technology & Leadership Forum; Google Cloud Summit India,"M.Tech in Finance, BITS Pilani"
f29de87d-7eb3-4f36-9f3f-a90c75e0b703,Ishita Agate,Finance,Financial Analyst,Senior Financial Analyst,Senior,Communication; Teamwork,,15,Pragati Project - Occaecati; Aarambh Project - Officiis; Aarambh Project - Quidem; Unnati Project - Soluta; Unnati Project - Nostrum; Pragati Project - Illo,Employee of the Month,Talk at Microsoft Future Ready,,,,"B.Tech in Computer Science and Engineering, VIT Vellore"
9c497bb9-2b25-4302-ac26-bab6bdea1934,Yatin Agate,Finance,Accountant,Controller Accountant,Controller,Teamwork; Communication,AWS Certified Solutions Architect; Certified ScrumMaster (CSM),19,Aarambh Project - Occaecati; Unnati Project - Corporis; Pragati Project - Non; Unnati Project - Quidem; Unnati Project - Totam; Pragati Project - Nobis; Pragati Project - Nihil; Aarambh Project - Vel; Aarambh Project - Accusantium; Aarambh Project - Nesciunt,Innovation Excellence Award,Talk at Great Indian Developer Summit (GIDS),,'Multi-layered eco-centric productivity' in Paytm Tech Journal,Microsoft Future Ready; PyCon India; Great Indian Developer Summit (GIDS),"MCA in Electronics and Communication Engineering, IISc Bangalore"
d19662c6-20b6-42f9-862e-026a1a160fee,Yahvi Chaudhuri,Technology,Software Engineer,Senior Software Engineer,Senior,Go; JavaScript; Java; Docker; SQL,AWS Certified Solutions Architect; Microsoft Certified: Azure Developer Associate,14,Pragati Project - Assumenda; Lakshya Project - Eaque; Lakshya Project - Nisi; Aarambh Project - Iste; Unnati Project - Veniam; Aarambh Project - Aut; Unnati Project - Temporibus; Unnati Project - Eaque,Star Performer,Talk at PyCon India,,'Secured bi-directional capability' in Paytm Tech Journal,Google Cloud Summit India; Microsoft Future Ready,"B.E in Mechanical Engineering, JNTU Hyderabad"
2ac42990-37d2-48c4-bce0-21995fea8676,Maya Sridhar,Technology,Software Engineer,Engineer Software Engineer,Engineer,,,2,Unnati Project - Dignissimos,Employee of the Month,,github.com/chasmum03,,Agile India,"BCA in Computer Science and Engineering, JNTU Hyderabad"
801589ec-18db-4e18-ab50-bd9f965ecca2,Ranbir Nagy,Marketing,Content Strategist,Specialist Content Strategist,Specialist,Teamwork; Communication,AWS Certified Solutions Architect,14,Lakshya Project - Nulla; Unnati Project - Voluptates; Aarambh Project - Iure; Lakshya Project - Molestiae; Unnati Project - Nihil; Unnati Project - Amet; Pragati Project - Magni; Aarambh Project - Nostrum,Star Performer,,,,Agile India; PyCon India; AWS Summit India,"MCA in Finance, NIT Trichy"
2fac56f2-16a3-4950-86b8-a6b1dd222699,Ayushman Jayaraman,Technology,Cloud Engineer,Principal Cloud Engineer,Principal,Infrastructure as Code; AWS; GCP; Terraform; Networking,Microsoft Certified: Azure Developer Associate; Certified ScrumMaster (CSM),6,Pragati Project - Voluptatem; Lakshya Project - A,Team Player Award,,github.com/vihaangade,,NASSCOM Technology & Leadership Forum; Great Indian Developer Summit (GIDS),"M.S in Business Administration, BITS Pilani"
70256644-c356-4e5d-8682-2d6d621a5648,Ganga Gaba,Product Management,Business Analyst,Senior Business Analyst,Senior,Teamwork,Certified Information Systems Security Professional (CISSP),19,Lakshya Project - Tempore; Lakshya Project - Nam; Lakshya Project - Ipsam; Aarambh Project - Aliquid; Pragati Project - Omnis; Lakshya Project - Nostrum; Unnati Project - Perferendis; Pragati Project - Laboriosam; Pragati Project - Ullam; Lakshya Project - In,Employee of the Month,Talk at Microsoft Future Ready,,,Agile India,"MCA in Computer Science and Engineering, IIT Delhi"
0e37edb9-40f6-4f79-a6cf-b42ed2c2f687,Ekapad Comar,Marketing,SEO Specialist,Manager SEO Specialist,Manager,Communication; Teamwork,,3,Unnati Project - Voluptas; Lakshya Project - Tempore; Unnati Project - Dolorum,Star Performer,Talk at Microsoft Future Ready,github.com/tanvisharma,,Google Cloud Summit India; NASSCOM Technology & Leadership Forum,"M.S in Mechanical Engineering, IIT Madras"
839f8b3b-d77b-4f31-b78c-b0f2c81652b9,Dayamai Basu,Sales,Account Executive,Junior Account Executive,Junior,Communication; Teamwork,,11,Pragati Project - Dignissimos; Unnati Project - Laudantium; Unnati Project - Repudiandae; Unnati Project - Eligendi,Employee of the Month,Talk at Agile India,,,,"M.Tech in Information Technology, IISc Bangalore"
f98db4f9-36c9-4f84-beeb-6e5a30840fd3,Champak Sood,Product Management,Product Owner,Group Product Owner,Group,Teamwork; Communication,"Project Management Professional (PMP); Oracle Certified Professional, Java SE Programmer",11,Pragati Project - Accusamus; Unnati Project - Quis; Pragati Project - At; Unnati Project - Eveniet; Lakshya Project - Iusto,,Talk at NASSCOM Technology & Leadership Forum,,,,"B.Tech in Computer Science and Engineering, BITS Pilani"
e0b770b8-8b23-4dad-a584-0a50549b859c,Tanvi Padmanabhan,Human Resources,HR Business Partner,Specialist HR Business Partner,Specialist,Teamwork; Communication,"Oracle Certified Professional, Java SE Programmer",11,Unnati Project - Animi; Unnati Project - Quae; Lakshya Project - Vitae; Lakshya Project - Perferendis; Lakshya Project - Quod; Pragati Project - Eligendi,Star Performer,Talk at PyCon India,,,NASSCOM Technology & Leadership Forum; Microsoft Future Ready; PyCon India,"MCA in Computer Science and Engineering, NIT Warangal"
25e22ce3-ab41-4ead-9680-09f24aaf3049,Vasana Pradhan,Finance,Accountant,Controller Accountant,Controller,Communication,Project Management Professional (PMP); Certified Information Systems Security Professional (CISSP),17,Lakshya Project - Expedita; Pragati Project - Dolore; Aarambh Project - Adipisci; Pragati Project - Id; Pragati Project - Odit; Unnati Project - Ea; Unnati Project - Eius,Team Player Award,Talk at AWS Summit India,,'Streamlined optimal system engine' in Wipro Tech Journal,,"M.S in Computer Science and Engineering, NIT Warangal"
502f5fa1-df1f-4ce6-ad8b-9960ba50c5dc,Amaira Ahluwalia,Sales,Sales Manager,Senior Sales Manager,Senior,Communication; Teamwork,,14,Aarambh Project - Esse; Lakshya Project - Sit; Aarambh Project - Quas; Pragati Project - Doloribus; Lakshya Project - Suscipit; Pragati Project - Corporis; Unnati Project - Veniam; Aarambh Project - Eveniet; Unnati Project - Incidunt,,Talk at NASSCOM Technology & Leadership Forum,github.com/radha06,,Google Cloud Summit India; Great Indian Developer Summit (GIDS),"M.S in Mechanical Engineering, JNTU Hyderabad"
a5f3c8dd-f3c3-446b-893f-f34328fc51fb,Ridhi Patil,Sales,Account Executive,Regional Manager Account Executive,Regional Manager,,,5,Unnati Project - Fugit; Aarambh Project - Porro; Lakshya Project - Distinctio; Aarambh Project - Pariatur,Star Performer,,,,Google Cloud Summit India; PyCon India,"B.E in Computer Science and Engineering, IIT Delhi"
7137d947-aee3-444e-b359-6bae1e9ad150,Pranav Nori,Technology,UX/UI Designer,Manager UX/UI Designer,Manager,Figma; Sketch; User Research,,19,Aarambh Project - Sit; Unnati Project - Aliquid; Aarambh Project - Modi; Pragati Project - Veritatis; Aarambh Project - Error; Pragati Project - Ducimus; Unnati Project - Quod; Lakshya Project - Quis; Pragati Project - Atque; Pragati Project - Eum; Aarambh Project - Voluptatum,,Talk at Agile India,github.com/gagan13,,Microsoft Future Ready; Google Cloud Summit India; Great Indian Developer Summit (GIDS),"B.Tech in Finance, IIIT Hyderabad"
47cc6d9a-6738-4136-8fb4-896422e6568f,Shaurya Kaur,Human Resources,HR Generalist,Specialist HR Generalist,Specialist,Communication; Teamwork,Project Management Professional (PMP),7,Aarambh Project - Deleniti; Unnati Project - Corrupti; Lakshya Project - Cupiditate,Star Performer,Talk at Agile India,,,,"M.S in Business Administration, IIT Bombay"
5bf3aac9-21d7-42d5-9ca0-6e12c9b48d75,Kevin Ratta,Product Management,Business Analyst,Associate Business Analyst,Associate,Communication; Teamwork,,20,Lakshya Project - Accusantium; Aarambh Project - Odit; Pragati Project - Laudantium; Lakshya Project - Dicta; Pragati Project - Atque; Pragati Project - Cumque; Unnati Project - Consequuntur; Unnati Project - Totam; Unnati Project - Illo; Aarambh Project - Explicabo; Pragati Project - Facere,,Talk at Google Cloud Summit India,github.com/darikabains,,Google Cloud Summit India; Microsoft Future Ready; Great Indian Developer Summit (GIDS),"MCA in Mechanical Engineering, IIT Madras"
1f027b21-347b-4c69-842c-0bf5febc0df9,Pavani Shan,Marketing,Digital Marketing Specialist,Director Digital Marketing Specialist,Director,Teamwork; Communication,,14,Pragati Project - Itaque; Aarambh Project - Nostrum; Pragati Project - Commodi; Lakshya Project - Temporibus; Lakshya Project - Odio; Aarambh Project - Nam; Lakshya Project - Porro; Aarambh Project - Ut,,Talk at AWS Summit India,,,PyCon India,"M.S in Electronics and Communication Engineering, IISc Bangalore"
3f14db5a-b9e3-42e9-b504-5ebc069a48b8,Kabir Kar,Technology,DevOps Engineer,Engineer DevOps Engineer,Engineer,GitLab CI; Jenkins,,13,Pragati Project - Totam; Unnati Project - Omnis; Lakshya Project - Officiis; Unnati Project - Quos; Pragati Project - Quaerat; Aarambh Project - Fuga; Lakshya Project - Nostrum; Lakshya Project - Vitae,Star Performer,Talk at NASSCOM Technology & Leadership Forum,,,PyCon India; Google Cloud Summit India,"M.S in Computer Science and Engineering, IISc Bangalore"
8454db36-12d1-4bfc-b60d-1f01d30cef7d,Balvan Samra,Finance,Accountant,Senior Accountant,Senior,,"Oracle Certified Professional, Java SE Programmer",2,,Innovation Excellence Award,Talk at AWS Summit India,,,,"B.E in Electronics and Communication Engineering, VIT Vellore"
61d7ba77-930d-49e4-af05-f29d9c9eb45d,Bhanumati Ghose,Marketing,Marketing Manager,Associate Marketing Manager,Associate,,Project Management Professional (PMP); Google Professional Data Engineer,2,Aarambh Project - Est,,,,,Google Cloud Summit India; AWS Summit India; Great Indian Developer Summit (GIDS),"M.Tech in Business Administration, IIT Bombay"
79f3b92a-d3a3-47ae-bb88-e9831b74ccb4,Maanas Bobal,Human Resources,Talent Acquisition Specialist,Specialist Talent Acquisition Specialist,Specialist,Communication,Certified ScrumMaster (CSM); Certified Information Systems Security Professional (CISSP),13,Lakshya Project - Labore; Aarambh Project - Fugit; Unnati Project - Consequuntur; Lakshya Project - Suscipit; Lakshya Project - Molestias; Lakshya Project - Numquam; Aarambh Project - Inventore; Unnati Project - Modi,,Talk at PyCon India,,,PyCon India; Great Indian Developer Summit (GIDS); NASSCOM Technology & Leadership Forum,"M.Tech in Information Technology, Anna University"
400f6bd7-901d-4e88-97f3-7d36f28304c2,Xiti Oza,Product Management,Business Analyst,Associate Business Analyst,Associate,,Certified ScrumMaster (CSM); Certified Information Systems Security Professional (CISSP),20,Pragati Project - Doloribus; Unnati Project - Ipsam; Aarambh Project - Debitis; Lakshya Project - Totam; Unnati Project - A; Lakshya Project - Autem; Unnati Project - Aut; Unnati Project - Earum; Aarambh Project - Necessitatibus,Innovation Excellence Award,Talk at PyCon India,github.com/harinakshi32,,Agile India,"M.S in Mechanical Engineering, Anna University"
29c08765-46a6-4b10-9347-370a0f7a3390,Ekaja Bhandari,Marketing,Marketing Manager,Manager Marketing Manager,Manager,Teamwork; Communication,Certified ScrumMaster (CSM),15,Lakshya Project - Rem; Unnati Project - Veritatis; Lakshya Project - Suscipit; Aarambh Project - Numquam; Pragati Project - Doloremque; Unnati Project - Voluptatem; Aarambh Project - Vitae; Lakshya Project - Eum,,Talk at Microsoft Future Ready,,,,"M.S in Business Administration, IIT Bombay"
64b7150a-1b82-408b-8922-d960ecab8391,Zarna Ahluwalia,Technology,Data Scientist,Principal Data Scientist,Principal,,Certified Information Systems Security Professional (CISSP),15,Pragati Project - Repellendus; Unnati Project - Repellat; Pragati Project - Rerum; Aarambh Project - Rem; Lakshya Project - Doloremque; Aarambh Project - Possimus; Aarambh Project - Suscipit; Unnati Project - Eos,,Talk at NASSCOM Technology & Leadership Forum,,,,"M.S in Mechanical Engineering, IIT Madras"
ec06113b-f3ed-409f-aaca-d61cfbb9c9a0,Ayaan Nori,Technology,QA Engineer,Senior QA Engineer,Senior,API Testing; Manual Testing; JIRA; Automated Testing; Selenium,AWS Certified Solutions Architect,2,Unnati Project - Non; Unnati Project - Asperiores,Employee of the Month,Talk at Google Cloud Summit India,,'Optimized real-time Internet solution' in Flipkart Tech Journal,,"BCA in Finance, Anna University"
1aa6f9d6-712b-4892-85ff-02df24bdc801,Shaurya Singh,Technology,UX/UI Designer,Senior UX/UI Designer,Senior,Prototyping; Figma,Certified ScrumMaster (CSM),10,Pragati Project - Odit; Unnati Project - Est; Pragati Project - Aspernatur; Pragati Project - Perferendis; Unnati Project - Provident,Team Player Award,Talk at Agile India,,,,"M.Tech in Mechanical Engineering, IIIT Hyderabad"
aeb7bfa8-a3d0-4637-b5c9-bd80700bafba,Theodore Sur,Technology,Cloud Engineer,Senior Cloud Engineer,Senior,Azure; GCP; AWS; Terraform,Project Management Professional (PMP),3,Unnati Project - Aliquid,Innovation Excellence Award,Talk at Great Indian Developer Summit (GIDS),,'User-centric cohesive neural-net' in Zomato Tech Journal,Google Cloud Summit India; NASSCOM Technology & Leadership Forum; AWS Summit India,"MCA in Mechanical Engineering, Anna University"
01493e56-8572-4940-9009-61e6cd725f36,Michael Ben,Human Resources,HR Business Partner,Manager HR Business Partner,Manager,Communication; Teamwork,AWS Certified Solutions Architect; Project Management Professional (PMP),9,Unnati Project - Earum; Lakshya Project - In; Pragati Project - Ipsa; Pragati Project - Quam; Unnati Project - Dicta,,Talk at Great Indian Developer Summit (GIDS),github.com/abeer41,,Agile India; NASSCOM Technology & Leadership Forum,"B.E in Computer Science and Engineering, IISc Bangalore"
4a9441ab-e391-45d9-875d-11ba7d66a187,Michael Menon,Human Resources,HR Business Partner,Specialist HR Business Partner,Specialist,Teamwork; Communication,,5,Aarambh Project - Laudantium; Lakshya Project - Maxime; Pragati Project - Voluptate,Team Player Award,,github.com/jde,,NASSCOM Technology & Leadership Forum; AWS Summit India; Great Indian Developer Summit (GIDS),"BCA in Finance, BITS Pilani"
fdf2a008-c08c-4134-884a-6d95fa3cc747,Ganga Mahajan,Marketing,Marketing Manager,Director Marketing Manager,Director,,Certified Information Systems Security Professional (CISSP); AWS Certified Solutions Architect,12,Unnati Project - Consectetur; Pragati Project - Error; Unnati Project - Nisi; Aarambh Project - Dolor; Lakshya Project - Autem,Innovation Excellence Award,Talk at AWS Summit India,,,,"M.Tech in Business Administration, IIIT Hyderabad"
260265ad-4fb8-4fd2-aa0f-3e53815673dc,Tamanna Gera,Finance,Accountant,Junior Accountant,Junior,Communication; Teamwork,"Oracle Certified Professional, Java SE Programmer; AWS Certified Solutions Architect",4,Pragati Project - Repudiandae,Team Player Award,Talk at Agile India,github.com/cbassi,,AWS Summit India; NASSCOM Technology & Leadership Forum,"M.S in Mechanical Engineering, BITS Pilani"
49f79d20-672d-4f64-bfba-3b1805f34e3e,Hamsini Edwin,Finance,Financial Analyst,Junior Financial Analyst,Junior,Teamwork; Communication,Microsoft Certified: Azure Developer Associate; Certified ScrumMaster (CSM),20,Pragati Project - Cum; Aarambh Project - Qui; Aarambh Project - Possimus; Lakshya Project - Pariatur; Lakshya Project - Quam; Unnati Project - Deleniti; Unnati Project - Laborum; Unnati Project - Officiis; Unnati Project - Doloremque,Innovation Excellence Award,Talk at Agile India,,,,"M.Tech in Information Technology, IIIT Hyderabad"
a09c6809-c9b2-4d47-b8c3-699aea01b4f4,Pranit Lal,Product Management,Product Owner,Associate Product Owner,Associate,,,5,Pragati Project - Suscipit; Lakshya Project - Nulla; Aarambh Project - Culpa; Aarambh Project - Cupiditate,Innovation Excellence Award,,,'Balanced grid-enabled capacity' in Wipro Tech Journal,AWS Summit India; Google Cloud Summit India; Microsoft Future Ready,"BCA in Computer Science and Engineering, IIIT Hyderabad"
03dc4604-9c71-48f5-b886-d9c4c6ff5d99,Zayan Narain,Human Resources,HR Business Partner,Coordinator HR Business Partner,Coordinator,Teamwork; Communication,,3,,,Talk at Agile India,,,Microsoft Future Ready; Great Indian Developer Summit (GIDS),"M.S in Computer Science and Engineering, IISc Bangalore"
1adbc26b-18ad-4352-abaa-1316e1172723,Arya Dara,Technology,Software Engineer,Principal Software Engineer,Principal,,Certified ScrumMaster (CSM); Project Management Professional (PMP),5,Aarambh Project - Ipsa; Lakshya Project - A; Pragati Project - Commodi; Lakshya Project - Sit,,Talk at Great Indian Developer Summit (GIDS),github.com/lohitmander,'Horizontal neutral service-desk' in Paytm Tech Journal,,"B.Tech in Finance, IISc Bangalore"
e71ce160-a351-4545-a3ea-0fa0d34f4709,Mekhala Karan,Product Management,Product Manager,Senior Product Manager,Senior,Teamwork; Communication,Certified ScrumMaster (CSM); Project Management Professional (PMP),18,Unnati Project - Quos; Pragati Project - At; Lakshya Project - Totam; Lakshya Project - Eos; Pragati Project - Dolorem; Aarambh Project - Consequatur; Aarambh Project - Maiores; Lakshya Project - Saepe; Aarambh Project - Illum; Unnati Project - Ipsum; Pragati Project - Autem,,Talk at NASSCOM Technology & Leadership Forum,,,Google Cloud Summit India; Microsoft Future Ready,"B.E in Business Administration, BITS Pilani"
07bd0f41-c538-4f3a-83bf-af0eb82ed732,Jackson Dave,Sales,Account Executive,Senior Account Executive,Senior,Teamwork,Certified ScrumMaster (CSM),8,Aarambh Project - Quasi; Pragati Project - Molestiae; Unnati Project - Magni,Innovation Excellence Award,Talk at Agile India,,,Great Indian Developer Summit (GIDS); Agile India,"MCA in Information Technology, JNTU Hyderabad"
8f0782df-8fa9-4829-994a-8cce3244096a,Yashvi Dayal,Technology,Data Scientist,Engineer Data Scientist,Engineer,PyTorch,"Project Management Professional (PMP); Oracle Certified Professional, Java SE Programmer",18,Aarambh Project - Ducimus; Unnati Project - Quo; Unnati Project - Quae; Aarambh Project - Consequuntur; Lakshya Project - Dolore; Unnati Project - Nisi; Aarambh Project - Magni; Lakshya Project - Laborum; Unnati Project - Dolore; Pragati Project - Vitae; Aarambh Project - Ex,Star Performer,Talk at Google Cloud Summit India,github.com/murthyaditya,,,"M.Tech in Computer Science and Engineering, IIT Delhi"
2a2a8e31-1583-446b-b78f-838e00cacc04,Ubika Lal,Technology,DevOps Engineer,Principal DevOps Engineer,Principal,Docker; Puppet,"Oracle Certified Professional, Java SE Programmer",4,Unnati Project - Incidunt; Lakshya Project - Fugit; Aarambh Project - Enim,Innovation Excellence Award,Talk at Google Cloud Summit India,,,,"MCA in Electronics and Communication Engineering, BITS Pilani"
18673be9-914d-4a1b-95e0-68200d13d4db,Ishanvi Palla,Marketing,SEO Specialist,Specialist SEO Specialist,Specialist,Teamwork,Certified ScrumMaster (CSM); AWS Certified Solutions Architect,2,Lakshya Project - Quas; Lakshya Project - Doloremque; Aarambh Project - Sit,Employee of the Month,Talk at Google Cloud Summit India,,,,"MCA in Computer Science and Engineering, IISc Bangalore"
fde5ec83-9a49-4ff2-9be3-b3eabdb65c21,Vritti Bera,Human Resources,HR Generalist,Manager HR Generalist,Manager,Teamwork,"Oracle Certified Professional, Java SE Programmer; AWS Certified Solutions Architect",12,Unnati Project - Iste; Aarambh Project - Assumenda; Unnati Project - Nostrum; Pragati Project - Soluta; Aarambh Project - Blanditiis; Aarambh Project - Porro; Aarambh Project - Suscipit; Lakshya Project - Maxime,Star Performer,Talk at Microsoft Future Ready,github.com/niharikagoel,,NASSCOM Technology & Leadership Forum; AWS Summit India,"MCA in Finance, IIT Madras"
6553941a-ee0c-442b-82ca-abb4d911c095,Gautami Deshpande,Marketing,SEO Specialist,Director SEO Specialist,Director,Communication; Teamwork,"Microsoft Certified: Azure Developer Associate; Oracle Certified Professional, Java SE Programmer",9,Unnati Project - Explicabo; Lakshya Project - Ratione; Aarambh Project - Veritatis; Pragati Project - Deleniti; Pragati Project - Ipsa; Lakshya Project - Fugiat,Team Player Award,Talk at Microsoft Future Ready,,,Microsoft Future Ready; Google Cloud Summit India; Great Indian Developer Summit (GIDS),"M.S in Electronics and Communication Engineering, IISc Bangalore"
b2a71c32-5b2c-47ed-8614-7abc7aec927b,Dominic Mittal,Product Management,Business Analyst,Group Business Analyst,Group,Communication; Teamwork,Certified Information Systems Security Professional (CISSP),7,Aarambh Project - Cum; Lakshya Project - Ullam; Unnati Project - Maiores; Lakshya Project - Illum; Aarambh Project - Enim,Team Player Award,,,,,"MCA in Mechanical Engineering, NIT Warangal"
b5859f0e-eb45-4826-b0b5-282e01367da4,Balendra Soni,Finance,Financial Analyst,Controller Financial Analyst,Controller,Teamwork; Communication,,19,Aarambh Project - Voluptate; Lakshya Project - Esse; Aarambh Project - Deserunt; Lakshya Project - Provident; Aarambh Project - A; Aarambh Project - Libero; Pragati Project - Cum; Lakshya Project - Asperiores; Aarambh Project - Consequatur; Aarambh Project - Soluta; Aarambh Project - Earum,Star Performer,Talk at NASSCOM Technology & Leadership Forum,,,AWS Summit India; Microsoft Future Ready; PyCon India,"B.E in Information Technology, IIT Bombay"
aeaf69e3-7969-4652-9c6e-ddf3621368e8,Vinaya Walla,Marketing,Content Strategist,Associate Content Strategist,Associate,Communication; Teamwork,Project Management Professional (PMP),3,Pragati Project - Modi,Team Player Award,Talk at PyCon India,github.com/deepa72,,Google Cloud Summit India,"BCA in Information Technology, IISc Bangalore"
d6a2f9ef-b254-4de0-9bad-b1a871837f4c,Ishwar Lata,Human Resources,Talent Acquisition Specialist,Coordinator Talent Acquisition Specialist,Coordinator,,Project Management Professional (PMP),2,Lakshya Project - Itaque,Employee of the Month,,,'Advanced even-keeled support' in Swiggy Tech Journal,Agile India; PyCon India,"BCA in Computer Science and Engineering, NIT Trichy"
bb898219-0b50-438b-9656-880e79df9d13,Omkaar Khosla,Sales,Sales Manager,Regional Manager Sales Manager,Regional Manager,,Certified ScrumMaster (CSM),17,Aarambh Project - Reprehenderit; Pragati Project - Expedita; Pragati Project - Rerum; Lakshya Project - Aliquam; Unnati Project - Veniam; Aarambh Project - Quod; Aarambh Project - Eveniet; Aarambh Project - Delectus,Employee of the Month,Talk at Microsoft Future Ready,github.com/aradhana28,'Inverse didactic function' in Freshworks Tech Journal,AWS Summit India; Microsoft Future Ready; Google Cloud Summit India,"BCA in Finance, IIIT Hyderabad"
8a7bec9e-6812-414f-8503-f10fc7eb4fb3,Harshil Talwar,Human Resources,Talent Acquisition Specialist,Coordinator Talent Acquisition Specialist,Coordinator,Teamwork; Communication,,15,Aarambh Project - Expedita; Unnati Project - Explicabo; Pragati Project - Culpa; Unnati Project - Repellat; Pragati Project - Suscipit; Aarambh Project - Ipsa; Pragati Project - Excepturi,Star Performer,Talk at Google Cloud Summit India,github.com/ubikakala,,Agile India; Google Cloud Summit India; Great Indian Developer Summit (GIDS),"BCA in Computer Science and Engineering, BITS Pilani"
c68c5c78-61bd-4dd7-a843-97d7b01adc72,Yashoda Dugar,Marketing,SEO Specialist,Associate SEO Specialist,Associate,Teamwork; Communication,,6,Aarambh Project - Fugiat; Aarambh Project - Dolore; Lakshya Project - Expedita; Aarambh Project - Officiis; Lakshya Project - Dolores,Innovation Excellence Award,Talk at Microsoft Future Ready,,,,"MCA in Electronics and Communication Engineering, NIT Trichy"
3398960f-ee87-4db3-9918-1804324dac48,Eshana Sridhar,Sales,Account Executive,Regional Manager Account Executive,Regional Manager,Teamwork; Communication,Certified Information Systems Security Professional (CISSP),20,Pragati Project - Consequuntur; Pragati Project - Provident; Lakshya Project - Dolores; Aarambh Project - Libero; Pragati Project - Esse; Unnati Project - Fugiat; Unnati Project - Eveniet; Lakshya Project - Eum; Aarambh Project - Rerum; Aarambh Project - Nulla; Aarambh Project - Fuga; Aarambh Project - Velit,,Talk at AWS Summit India,,,Microsoft Future Ready; NASSCOM Technology & Leadership Forum; Google Cloud Summit India,"BCA in Electronics and Communication Engineering, JNTU Hyderabad"
8adb7960-80ab-46fd-beaa-1f33b9e2d752,Sathvik Manda,Marketing,SEO Specialist,Associate SEO Specialist,Associate,,Google Professional Data Engineer,1,,,Talk at Microsoft Future Ready,,,,"M.Tech in Business Administration, IIT Delhi"
db038579-2c8d-4417-a0fe-23abf91fb8cf,Ishani Bir,Sales,Business Development Representative,Junior Business Development Representative,Junior,Teamwork; Communication,,18,Aarambh Project - Laudantium; Lakshya Project - In; Aarambh Project - Doloremque; Unnati Project - Dolore; Lakshya Project - Earum; Unnati Project - At; Pragati Project - Vel; Lakshya Project - Expedita,Employee of the Month,Talk at NASSCOM Technology & Leadership Forum,github.com/amrutamital,,NASSCOM Technology & Leadership Forum,"BCA in Finance, IIT Bombay"
271edcec-915e-41cf-bb96-fc76c3fc8de4,Chakrika Raval,Sales,Business Development Representative,Junior Business Development Representative,Junior,Communication; Teamwork,Certified Information Systems Security Professional (CISSP),8,Unnati Project - Rem; Pragati Project - Perferendis; Unnati Project - Rerum; Unnati Project - Occaecati,Star Performer,Talk at Google Cloud Summit India,,,PyCon India; Great Indian Developer Summit (GIDS),"M.S in Mechanical Engineering, Anna University"
aff52e4d-6d0d-4279-8907-4ade605113a4,Hemang Garde,Sales,Account Executive,Junior Account Executive,Junior,Teamwork; Communication,Certified Information Systems Security Professional (CISSP),12,Unnati Project - Voluptas; Pragati Project - Maiores; Aarambh Project - Maxime; Pragati Project - Similique; Unnati Project - Dolor; Aarambh Project - Dicta; Unnati Project - Officiis; Lakshya Project - Dolores,Innovation Excellence Award,Talk at AWS Summit India,,,NASSCOM Technology & Leadership Forum,"M.S in Business Administration, JNTU Hyderabad"
c4e460a3-2cfd-4239-9637-c88c1d0cb1c8,Aashi Bains,Sales,Sales Manager,Junior Sales Manager,Junior,,Certified Information Systems Security Professional (CISSP); Project Management Professional (PMP),11,Lakshya Project - Ex; Pragati Project - Quaerat; Unnati Project - Doloremque; Pragati Project - Debitis,Employee of the Month,,,,Microsoft Future Ready; AWS Summit India,"B.E in Business Administration, NIT Warangal"
6c4a2a07-33e1-4f3c-9d8e-6a0237e3a578,Zinal Rajagopalan,Product Management,Product Owner,Associate Product Owner,Associate,Teamwork; Communication,"Oracle Certified Professional, Java SE Programmer",10,Aarambh Project - Hic; Aarambh Project - Temporibus; Pragati Project - A; Aarambh Project - Aut; Aarambh Project - Maiores; Lakshya Project - Inventore,,Talk at AWS Summit India,,,,"BCA in Business Administration, BITS Pilani"
8fbed16b-83c0-48ed-9110-d59acafc32af,Veer Sampath,Human Resources,HR Generalist,Manager HR Generalist,Manager,Teamwork; Communication,AWS Certified Solutions Architect,10,Pragati Project - Perferendis; Pragati Project - Vitae; Aarambh Project - Ab; Lakshya Project - Dolorem; Pragati Project - Cumque,Team Player Award,,,,Agile India; Microsoft Future Ready; PyCon India,"BCA in Mechanical Engineering, IIT Madras"
bc671d2d-ac6a-4fc4-90d0-de00fecfd3d4,Chavvi Goda,Product Management,Product Owner,Senior Product Owner,Senior,Teamwork,Certified Information Systems Security Professional (CISSP); AWS Certified Solutions Architect,12,Unnati Project - Reiciendis; Pragati Project - Voluptatibus; Aarambh Project - Ducimus; Aarambh Project - Rem; Lakshya Project - At; Lakshya Project - Eos,,,,'User-friendly next generation monitoring' in Wipro Tech Journal,Microsoft Future Ready; Agile India; NASSCOM Technology & Leadership Forum,"BCA in Mechanical Engineering, Anna University"
f97a8370-7b89-49df-a144-63615773674f,Farhan Kara,Product Management,Product Manager,Senior Product Manager,Senior,Communication; Teamwork,Certified Information Systems Security Professional (CISSP); Certified ScrumMaster (CSM),18,Unnati Project - Illum; Aarambh Project - Asperiores; Aarambh Project - Blanditiis; Pragati Project - Sint; Lakshya Project - Veritatis; Lakshya Project - Recusandae; Aarambh Project - Ad; Aarambh Project - Quasi; Unnati Project - Nulla,Team Player Award,Talk at Microsoft Future Ready,,,,"M.Tech in Computer Science and Engineering, IIIT Hyderabad"
17d0adce-6264-4aef-baab-ac0f3864605c,Odika Chad,Technology,UX/UI Designer,Lead UX/UI Designer,Lead,,Project Management Professional (PMP); Google Professional Data Engineer,10,Lakshya Project - Praesentium; Unnati Project - Distinctio; Unnati Project - Quisquam; Lakshya Project - Magnam; Pragati Project - Dolor,Innovation Excellence Award,Talk at Microsoft Future Ready,,,Microsoft Future Ready; Google Cloud Summit India; PyCon India,"B.E in Information Technology, IISc Bangalore"
c03efc15-4bf2-4944-84d9-731e55592fa1,Oni Kulkarni,Human Resources,HR Business Partner,Coordinator HR Business Partner,Coordinator,Communication; Teamwork,Google Professional Data Engineer,11,Aarambh Project - Voluptas; Pragati Project - Illo; Aarambh Project - Autem; Aarambh Project - Enim; Lakshya Project - Natus,,,github.com/veda09,'Fully-configurable next generation matrices' in Wipro Tech Journal,Agile India; AWS Summit India; NASSCOM Technology & Leadership Forum,"BCA in Information Technology, IIT Madras"
ed20389a-0b27-4358-9232-b910ca8dcdaf,Anamika Bobal,Technology,UX/UI Designer,Manager UX/UI Designer,Manager,Figma; Sketch; User Research; Prototyping,"Oracle Certified Professional, Java SE Programmer; Google Professional Data Engineer",9,Lakshya Project - Placeat; Pragati Project - Neque; Unnati Project - Molestiae; Pragati Project - Itaque; Unnati Project - Ducimus; Aarambh Project - Laboriosam,Team Player Award,Talk at PyCon India,github.com/arunima72,,,"MCA in Information Technology, JNTU Hyderabad"
ad074968-5797-4e4d-a1fc-2bf686499e7b,Harinakshi Narain,Marketing,Content Strategist,Specialist Content Strategist,Specialist,,Google Professional Data Engineer; Microsoft Certified: Azure Developer Associate,5,Pragati Project - Ab; Lakshya Project - Eveniet; Aarambh Project - Tenetur; Unnati Project - Velit,Innovation Excellence Award,Talk at Great Indian Developer Summit (GIDS),github.com/wardachopra,,Google Cloud Summit India; Microsoft Future Ready; NASSCOM Technology & Leadership Forum,"B.E in Business Administration, JNTU Hyderabad"
3b7a028e-24b0-4a42-92d0-a4345f2d1f42,Chanchal Khatri,Product Management,Business Analyst,Group Business Analyst,Group,,Project Management Professional (PMP),16,Lakshya Project - Iusto; Lakshya Project - Quibusdam; Aarambh Project - Excepturi; Lakshya Project - In; Unnati Project - Perspiciatis; Lakshya Project - Quasi; Pragati Project - Aspernatur; Pragati Project - Ullam,Employee of the Month,Talk at NASSCOM Technology & Leadership Forum,,,,"BCA in Computer Science and Engineering, VIT Vellore"
66b229db-fa91-4a81-8abc-604f2b85c2bc,Rohan Anand,Technology,Software Engineer,Associate Software Engineer,Associate,Kubernetes; JavaScript; SQL; Java; CI/CD,Project Management Professional (PMP); Certified ScrumMaster (CSM),18,Lakshya Project - Laborum; Pragati Project - Asperiores; Lakshya Project - Placeat; Pragati Project - Cumque; Unnati Project - Culpa; Aarambh Project - Atque; Pragati Project - Iusto; Lakshya Project - Nihil,Team Player Award,Talk at Google Cloud Summit India,,,PyCon India; Agile India; NASSCOM Technology & Leadership Forum,"BCA in Electronics and Communication Engineering, JNTU Hyderabad"
457f419a-4d5d-4b81-b470-84f2a007f5c0,Mohini Dhar,Finance,Financial Analyst,Junior Financial Analyst,Junior,Teamwork; Communication,"Oracle Certified Professional, Java SE Programmer; Microsoft Certified: Azure Developer Associate",11,Aarambh Project - Nostrum; Aarambh Project - Quo; Unnati Project - Ducimus; Lakshya Project - Esse; Aarambh Project - Perferendis,Innovation Excellence Award,Talk at AWS Summit India,,,Agile India; Google Cloud Summit India,"M.S in Electronics and Communication Engineering, BITS Pilani"
d14de87b-080c-4cdf-b338-65f55f2d2295,Nicholas Dubey,Marketing,SEO Specialist,Director SEO Specialist,Director,Teamwork,AWS Certified Solutions Architect,1,,Employee of the Month,,,,PyCon India,"B.E in Mechanical Engineering, VIT Vellore"
ec8d1542-2f62-4944-876f-90f85dca93a8,Dominic Guha,Finance,Financial Analyst,Junior Financial Analyst,Junior,Teamwork; Communication,,19,Aarambh Project - Asperiores; Pragati Project - Et; Aarambh Project - Hic; Unnati Project - Sequi; Unnati Project - Ullam; Lakshya Project - Quod; Unnati Project - Sed; Unnati Project - Corrupti; Pragati Project - Nulla; Aarambh Project - Animi,Star Performer,Talk at NASSCOM Technology & Leadership Forum,,,Agile India; Google Cloud Summit India,"B.E in Business Administration, JNTU Hyderabad"
2c24bc0d-1bea-4391-89df-946ef6b6a524,Gayathri Samra,Technology,Software Engineer,Lead Software Engineer,Lead,Kubernetes,Project Management Professional (PMP); Certified ScrumMaster (CSM),8,Unnati Project - Cumque; Lakshya Project - Placeat; Pragati Project - Minus; Lakshya Project - Placeat; Lakshya Project - Ad,,Talk at Agile India,,,Agile India; AWS Summit India,"M.S in Finance, BITS Pilani"
d08901ba-b038-41a9-a12c-191e3fc46990,Advika Walia,Human Resources,HR Generalist,Manager HR Generalist,Manager,,,4,Unnati Project - Tempore; Lakshya Project - Sint; Unnati Project - Doloremque; Aarambh Project - Possimus,,Talk at NASSCOM Technology & Leadership Forum,github.com/devikasani,,PyCon India,"BCA in Finance, IIT Delhi"
b4f82571-33f5-4678-a104-3d46b0e88cc0,Rajata Ray,Sales,Sales Manager,Junior Sales Manager,Junior,Teamwork; Communication,Microsoft Certified: Azure Developer Associate,19,Pragati Project - Porro; Aarambh Project - Odio; Pragati Project - Ab; Pragati Project - Inventore; Aarambh Project - Iure; Pragati Project - Enim; Lakshya Project - Aut; Lakshya Project - Reprehenderit; Pragati Project - Hic,Team Player Award,Talk at NASSCOM Technology & Leadership Forum,,,,"M.Tech in Information Technology, JNTU Hyderabad"
7e523fe0-635e-4201-a4ab-48adafddfa7e,Zinal Khatri,Product Management,Product Owner,Senior Product Owner,Senior,Communication; Teamwork,"Oracle Certified Professional, Java SE Programmer",5,Pragati Project - Totam,Team Player Award,Talk at AWS Summit India,,,NASSCOM Technology & Leadership Forum; Agile India,"B.E in Business Administration, IIT Madras"
